Date,EUR
4/20/2018,25.94
4/19/2018,25.74
4/18/2018,26.43
4/17/2018,27.46
4/16/2018,26.26
4/13/2018,26.43
4/12/2018,26.44
4/11/2018,26.7
4/10/2018,27.54
4/9/2018,25.85
4/6/2018,26.17
4/5/2018,26.5
4/4/2018,27.88
4/3/2018,28.15
4/2/2018,26.24
3/30/2018,26.3
3/29/2018,26.33
3/28/2018,26.09
3/27/2018,29.44
3/26/2018,31.33
3/23/2018,30.17
3/22/2018,29.83
3/21/2018,29.65
3/20/2018,32.7
3/19/2018,34.27
3/16/2018,32.55
3/15/2018,34.54
3/14/2018,34.15
3/13/2018,34.29
3/12/2018,34.1
3/9/2018,32.18
3/8/2018,31.99
3/7/2018,32.34
3/6/2018,32.7
3/5/2018,33.23
3/2/2018,31.59
3/1/2018,30.93
2/28/2018,30.5
2/27/2018,30.67
2/26/2018,23.66
2/23/2018,22.15
2/22/2018,21.97
2/21/2018,21.78
2/20/2018,21.67
2/19/2018,21.83
2/16/2018,21.89
2/15/2018,22.02
2/14/2018,21.65
2/13/2018,21.42
2/12/2018,21.67
2/9/2018,21.96
2/8/2018,21.38
2/7/2018,21.38
2/6/2018,21.67
2/5/2018,21.56
2/2/2018,22.07
2/1/2018,22.19
1/31/2018,21.92
1/30/2018,21.75
1/29/2018,21.67
1/26/2018,21.83
1/25/2018,22.24
1/24/2018,23.06
1/23/2018,23.78
1/22/2018,24.49
1/19/2018,22.65
1/18/2018,22.63
1/17/2018,23.4
1/16/2018,24.05
1/15/2018,24.54
1/12/2018,22.1
1/11/2018,22.07
1/10/2018,21.65
1/9/2018,22.14
1/8/2018,22.8
1/5/2018,21.55
1/4/2018,21.56
1/3/2018,21.26
1/2/2018,21.69
1/1/2018,22.83
12/29/2017,22.85
12/28/2017,21.35
12/27/2017,37.19
12/26/2017,40.8
12/25/2017,40.74
12/22/2017,40.53
12/21/2017,39.5
12/20/2017,35.24
12/19/2017,36.02
12/18/2017,43.31
12/15/2017,45.5
12/14/2017,39.1
12/13/2017,36.55
12/12/2017,35.81
12/11/2017,34.32
12/8/2017,32.76
12/7/2017,32.71
12/6/2017,30.85
12/5/2017,29.72
12/4/2017,29.5
12/1/2017,27.13
11/30/2017,26.87
11/29/2017,27.44
11/28/2017,19.61
11/27/2017,19.63
11/24/2017,19.37
11/23/2017,19.03
11/22/2017,20.93
11/21/2017,21.09
11/20/2017,18.42
11/17/2017,18.35
11/16/2017,18.26
11/15/2017,18.63
11/14/2017,19.17
11/13/2017,17.63
11/10/2017,17.57
11/9/2017,17.57
11/8/2017,18.33
11/7/2017,18.81
11/6/2017,17.63
11/3/2017,17.8
11/2/2017,18.02
11/1/2017,18.68
10/31/2017,19.32
10/30/2017,18.09
10/27/2017,18.14
10/26/2017,18.67
10/25/2017,18.88
10/24/2017,19.55
10/23/2017,20.27
10/20/2017,19.03
10/19/2017,19.52
10/18/2017,18.71
10/17/2017,19.37
10/16/2017,20.03
10/13/2017,19
10/12/2017,19.2
10/11/2017,19.58
10/10/2017,19.85
10/9/2017,20.15
10/6/2017,18.82
10/5/2017,18.9
10/4/2017,18.84
10/3/2017,19.57
10/2/2017,20.7
9/29/2017,19.47
9/28/2017,19.45
9/27/2017,21.59
9/26/2017,21.69
9/25/2017,20.58
9/22/2017,20.2
9/21/2017,19.36
9/20/2017,20.02
9/19/2017,20.76
9/18/2017,19.19
9/15/2017,18.96
9/14/2017,19.09
9/13/2017,19.66
9/12/2017,20.48
9/11/2017,19.15
9/8/2017,19.13
9/7/2017,18.98
9/6/2017,20.02
9/5/2017,20.79
9/4/2017,19.06
9/1/2017,18.99
8/31/2017,19.25
8/30/2017,20.04
8/29/2017,17.98
8/28/2017,18.42
8/25/2017,18.99
8/24/2017,18.77
8/23/2017,18.74
8/22/2017,19.24
8/21/2017,20.05
8/18/2017,18.78
8/17/2017,18.75
8/16/2017,18.79
8/15/2017,19.66
8/14/2017,20.53
8/11/2017,18.88
8/10/2017,18.49
8/9/2017,18.43
8/8/2017,19.06
8/7/2017,19.69
8/4/2017,18.37
8/3/2017,18.62
8/2/2017,19.4
8/1/2017,19.97
7/31/2017,20.87
7/28/2017,18.83
7/27/2017,18.8
7/26/2017,18.73
7/25/2017,19.41
7/24/2017,19.94
7/21/2017,18.75
7/20/2017,18.61
7/19/2017,18.51
7/18/2017,19.61
7/17/2017,19.85
7/14/2017,18.35
7/13/2017,18.14
7/12/2017,18.19
7/11/2017,19.22
7/10/2017,19.45
7/7/2017,18.17
7/6/2017,18.19
7/5/2017,18.03
7/4/2017,18.26
7/3/2017,18.91
6/30/2017,19.24
6/29/2017,18.27
6/28/2017,19.48
6/27/2017,20.67
6/26/2017,19.31
6/23/2017,19.19
6/22/2017,19.03
6/21/2017,19.61
6/20/2017,20.33
6/19/2017,19.09
6/16/2017,18.97
6/15/2017,19.03
6/14/2017,19.53
6/13/2017,19.89
6/12/2017,18.65
6/9/2017,18.65
6/8/2017,18.38
6/7/2017,18.73
6/6/2017,19.27
6/5/2017,18.05
6/2/2017,18.02
6/1/2017,18.1
5/31/2017,18.78
5/30/2017,19.49
5/29/2017,16.3
5/26/2017,16.84
5/25/2017,16.72
5/24/2017,16.4
5/23/2017,16.92
5/22/2017,17.41
5/19/2017,16.14
5/18/2017,16.1
5/17/2017,16.16
5/16/2017,16.14
5/15/2017,16.65
5/12/2017,15.54
5/11/2017,15.35
5/10/2017,15.19
5/9/2017,15.53
5/8/2017,16.08
5/5/2017,15.45
5/4/2017,15.47
5/3/2017,15.8
5/2/2017,16.53
5/1/2017,17.06
4/28/2017,17.19
4/27/2017,15.74
4/26/2017,16.65
4/25/2017,16.45
4/24/2017,14.91
4/21/2017,15.41
4/20/2017,14.89
4/19/2017,15.42
4/18/2017,16.34
4/17/2017,15.45
4/14/2017,15.19
4/13/2017,15.2
4/12/2017,15
4/11/2017,15.92
4/10/2017,14.99
4/7/2017,14.51
4/6/2017,14.11
4/5/2017,14.27
4/4/2017,15.17
4/3/2017,14.28
3/31/2017,14.35
3/30/2017,14.2
3/29/2017,15.09
3/28/2017,15.71
3/27/2017,16.05
3/24/2017,17.31
3/23/2017,18.05
3/22/2017,17.92
3/21/2017,18.1
3/20/2017,18.88
3/17/2017,17.74
3/16/2017,17.38
3/15/2017,17.78
3/14/2017,17.61
3/13/2017,17.39
3/10/2017,17.55
3/9/2017,16.03
3/8/2017,16.2
3/7/2017,16.85
3/6/2017,17.09
3/3/2017,15.73
3/2/2017,15.53
3/1/2017,15.61
2/28/2017,15.83
2/27/2017,16.33
2/24/2017,12.44
2/23/2017,11.06
2/22/2017,11.24
2/21/2017,11.26
2/20/2017,10.96
2/17/2017,10.93
2/16/2017,10.93
2/15/2017,10.66
2/14/2017,10.68
2/13/2017,10.75
2/10/2017,10.64
2/9/2017,10.63
2/8/2017,10.65
2/7/2017,10.94
2/6/2017,11.3
2/3/2017,11.27
2/2/2017,11.06
2/1/2017,11.28
1/31/2017,11.06
1/30/2017,11.21
1/27/2017,11.82
1/26/2017,12.41
1/25/2017,13.11
1/24/2017,13.66
1/23/2017,14.47
1/20/2017,13.53
1/19/2017,13.64
1/18/2017,13.79
1/17/2017,14.2
1/16/2017,14.52
1/13/2017,12.91
1/12/2017,12.93
1/11/2017,13.13
1/10/2017,13.86
1/9/2017,14.96
1/6/2017,14.27
1/5/2017,14.35
1/4/2017,14.29
1/3/2017,15.23
1/2/2017,16.35
12/30/2016,17.47
12/29/2016,17.06
12/28/2016,28.53
12/27/2016,23.8
12/26/2016,23.38
12/23/2016,23.41
12/22/2016,21.59
12/21/2016,21.1
12/20/2016,22.05
12/19/2016,22.32
12/16/2016,21.26
12/15/2016,21.18
12/14/2016,20.97
12/13/2016,21.92
12/12/2016,22.15
12/9/2016,20.02
12/8/2016,19.31
12/7/2016,19.66
12/6/2016,20.45
12/5/2016,21.46
12/2/2016,20.28
12/1/2016,19.45
11/30/2016,19.35
11/29/2016,20.72
11/28/2016,13.3
11/25/2016,12.3
11/24/2016,12.44
11/23/2016,12.9
11/22/2016,13.02
11/21/2016,11.9
11/18/2016,11.5
11/17/2016,11.38
11/16/2016,11.98
11/15/2016,12.48
11/14/2016,11.26
11/11/2016,10.99
11/10/2016,11.09
11/9/2016,11.73
11/8/2016,13.02
11/7/2016,12.3
11/4/2016,12.43
11/3/2016,12.06
11/2/2016,12.65
11/1/2016,13.51
10/31/2016,13.2
10/28/2016,13.04
10/27/2016,12.93
10/26/2016,12.94
10/25/2016,13.82
10/24/2016,14.42
10/21/2016,13.4
10/20/2016,13.69
10/19/2016,13.17
10/18/2016,14.15
10/17/2016,15.36
10/14/2016,14.16
10/13/2016,14.11
10/12/2016,13.53
10/11/2016,13.79
10/10/2016,14.4
10/7/2016,14.71
10/6/2016,14.89
10/5/2016,13.93
10/4/2016,15.1
10/3/2016,17.89
9/30/2016,16.02
9/29/2016,14.53
9/28/2016,16.88
9/27/2016,17.74
9/26/2016,16.2
9/23/2016,15.47
9/22/2016,15.71
9/21/2016,16.12
9/20/2016,16.3
9/19/2016,15.43
9/16/2016,15.48
9/15/2016,14.98
9/14/2016,15.12
9/13/2016,15.38
9/12/2016,14.32
9/9/2016,14.27
9/8/2016,14.17
9/7/2016,15.07
9/6/2016,15.85
9/5/2016,14.63
9/2/2016,14.55
9/1/2016,14.72
8/31/2016,15.09
8/30/2016,15.99
8/29/2016,14.04
8/26/2016,13.39
8/25/2016,13.35
8/24/2016,13.46
8/23/2016,13.76
8/22/2016,13.71
8/19/2016,12.69
8/18/2016,12.95
8/17/2016,13
8/16/2016,13.49
8/15/2016,13.71
8/12/2016,12.97
8/11/2016,13.14
8/10/2016,13.16
8/9/2016,13.71
8/8/2016,14.51
8/5/2016,13.48
8/4/2016,13.6
8/3/2016,14.33
8/2/2016,14.62
8/1/2016,14.7
7/29/2016,13.26
7/28/2016,13.68
7/27/2016,14.66
7/26/2016,14.31
7/25/2016,14.44
7/22/2016,13.52
7/21/2016,13.62
7/20/2016,13.21
7/19/2016,13.64
7/18/2016,14.65
7/15/2016,13.41
7/14/2016,12.9
7/13/2016,12.73
7/12/2016,13.22
7/11/2016,13.58
7/8/2016,12.97
7/7/2016,13.3
7/6/2016,13.81
7/5/2016,12.82
7/4/2016,13.18
7/1/2016,12.45
6/30/2016,12.6
6/29/2016,13.01
6/28/2016,13.34
6/27/2016,13.8
6/24/2016,16.09
6/23/2016,14.24
6/22/2016,15.36
6/21/2016,14.86
6/20/2016,13.68
6/17/2016,13.86
6/16/2016,14.13
6/15/2016,13.83
6/14/2016,14.22
6/13/2016,12.86
6/10/2016,12.52
6/9/2016,12.52
6/8/2016,12.98
6/7/2016,13.34
6/6/2016,12.44
6/3/2016,12.33
6/2/2016,12.47
6/1/2016,12.76
5/31/2016,12.82
5/30/2016,11.35
5/27/2016,10.43
5/26/2016,10.2
5/25/2016,10.15
5/24/2016,10.58
5/23/2016,10.83
5/20/2016,10.02
5/19/2016,10.01
5/18/2016,10.04
5/17/2016,10.33
5/16/2016,10.69
5/13/2016,10.12
5/12/2016,10.08
5/11/2016,10.08
5/10/2016,10.55
5/9/2016,11.04
5/6/2016,10.4
5/5/2016,10.41
5/4/2016,10.47
5/3/2016,10.7
5/2/2016,10.91
4/29/2016,10.15
4/28/2016,10.02
4/27/2016,10.29
4/26/2016,10.71
4/25/2016,9.77
4/22/2016,9.71
4/21/2016,9.84
4/20/2016,10.22
4/19/2016,10.47
4/18/2016,9.75
4/15/2016,9.69
4/14/2016,9.7
4/13/2016,10.19
4/12/2016,10.7
4/11/2016,9.78
4/8/2016,9.74
4/7/2016,9.7
4/6/2016,10.18
4/5/2016,10.56
4/4/2016,9.98
4/1/2016,10.1
3/31/2016,10.14
3/30/2016,10.14
3/29/2016,10.03
3/28/2016,9.97
3/25/2016,9.95
3/24/2016,9.94
3/23/2016,10.08
3/22/2016,10.66
3/21/2016,11.05
3/18/2016,10.33
3/17/2016,10.35
3/16/2016,10.55
3/15/2016,10.79
3/14/2016,11.21
3/11/2016,10.35
3/10/2016,10.16
3/9/2016,10.49
3/8/2016,10.77
3/7/2016,11.32
3/4/2016,10.62
3/3/2016,10.46
3/2/2016,10.28
3/1/2016,10.41
2/29/2016,10.52
2/26/2016,9.63
2/25/2016,9
2/24/2016,9.13
2/23/2016,9.63
2/22/2016,8.25
2/19/2016,8.18
2/18/2016,8.11
2/17/2016,8.69
2/16/2016,8.07
2/15/2016,7.76
2/12/2016,7.94
2/11/2016,8.04
2/10/2016,8.53
2/9/2016,7.97
2/8/2016,7.85
2/5/2016,7.65
2/4/2016,7.55
2/3/2016,8.07
2/2/2016,7.48
2/1/2016,7.48
1/29/2016,7.38
1/28/2016,7.34
1/27/2016,7.89
1/26/2016,8.1
1/25/2016,8.41
1/22/2016,7.91
1/21/2016,8
1/20/2016,8.18
1/19/2016,8.57
1/18/2016,8.79
1/15/2016,8.28
1/14/2016,8.38
1/13/2016,8.61
1/12/2016,8.89
1/11/2016,9.05
1/8/2016,8.15
1/7/2016,8.22
1/6/2016,8.15
1/5/2016,8.35
1/4/2016,8.68
1/1/2016,8.3
12/31/2015,8.23
12/30/2015,8.19
12/29/2015,8.45
12/28/2015,10.35
12/25/2015,10.78
12/24/2015,10.58
12/23/2015,10.69
12/22/2015,12.64
12/21/2015,12.07
12/18/2015,11.43
12/17/2015,11.8
12/16/2015,12.86
12/15/2015,13.12
12/14/2015,12.78
12/11/2015,11.53
12/10/2015,10.95
12/9/2015,10.37
12/8/2015,10.2
12/7/2015,10.3
12/4/2015,9.48
12/3/2015,9.76
12/2/2015,11
12/1/2015,11.2
11/30/2015,11.65
11/27/2015,11.89
11/26/2015,7
11/25/2015,6.31
11/24/2015,6.4
11/23/2015,6.8
11/20/2015,5.53
11/19/2015,5.21
11/18/2015,5.2
11/17/2015,5.05
11/16/2015,4.45
11/13/2015,4.26
11/12/2015,4.18
11/11/2015,4.34
11/10/2015,4.5
11/9/2015,4.5
11/6/2015,4.14
11/5/2015,4.23
11/4/2015,4.43
11/3/2015,4.61
11/2/2015,4.24
10/30/2015,4.09
10/29/2015,4.25
10/28/2015,4.35
10/27/2015,4.53
10/26/2015,4.8
10/23/2015,4.84
10/22/2015,5.06
10/21/2015,4.87
10/20/2015,5.07
10/19/2015,5.28
10/16/2015,4.91
10/15/2015,4.82
10/14/2015,4.84
10/13/2015,5.12
10/12/2015,5.22
10/9/2015,4.84
10/8/2015,4.88
10/7/2015,4.93
10/6/2015,5.1
10/5/2015,5.16
10/2/2015,4.9
10/1/2015,5.15
9/30/2015,5.16
9/29/2015,5.28
9/28/2015,5.05
9/25/2015,5.18
9/24/2015,5.48
9/23/2015,5.75
9/22/2015,5.82
9/21/2015,5.75
9/18/2015,5.57
9/17/2015,5.1
9/16/2015,6.19
9/15/2015,6.29
9/14/2015,5.68
9/11/2015,5.53
9/10/2015,5.34
9/9/2015,5.7
9/8/2015,5.8
9/7/2015,5.1
9/4/2015,5.04
9/3/2015,5.29
9/2/2015,5.32
9/1/2015,5.36
8/31/2015,4.89
8/28/2015,4.9
8/27/2015,4.85
8/26/2015,5.04
8/25/2015,5.29
8/24/2015,5.39
8/21/2015,4.8
8/20/2015,4.65
8/19/2015,4.61
8/18/2015,4.7
8/17/2015,4.85
8/14/2015,4.47
8/13/2015,4.44
8/12/2015,4.42
8/11/2015,4.35
8/10/2015,4.43
8/7/2015,4.22
8/6/2015,4.16
8/5/2015,4.42
8/4/2015,4.55
8/3/2015,4.65
7/31/2015,4.24
7/30/2015,4.3
7/29/2015,4.29
7/28/2015,4.35
7/27/2015,4.55
7/24/2015,4.32
7/23/2015,4.4
7/22/2015,4.38
7/21/2015,4.6
7/20/2015,4.74
7/17/2015,4.43
7/16/2015,4.44
7/15/2015,4.43
7/14/2015,4.46
7/13/2015,4.57
7/10/2015,4.35
7/9/2015,4.58
7/8/2015,4.7
7/7/2015,4.91
7/6/2015,5
7/3/2015,4.61
7/2/2015,4.4
7/1/2015,4.39
6/30/2015,4.51
6/29/2015,5.04
6/26/2015,4.56
6/25/2015,4.25
6/24/2015,4.43
6/23/2015,4.5
6/22/2015,4.28
6/19/2015,4.3
6/18/2015,4.29
6/17/2015,4.39
6/16/2015,4.53
6/15/2015,4.32
6/12/2015,4.5
6/11/2015,4.52
6/10/2015,4.35
6/9/2015,4.5
6/8/2015,4.2
6/5/2015,4.15
6/4/2015,4.16
6/3/2015,4.27
6/2/2015,4.38
6/1/2015,4.13
5/29/2015,4.24
5/28/2015,4.22
5/27/2015,4.75
5/26/2015,4.79
5/25/2015,4.8
5/22/2015,4.55
5/21/2015,4.37
5/20/2015,4.41
5/19/2015,4.58
5/18/2015,4.75
5/15/2015,4.43
5/14/2015,4.34
5/13/2015,4.27
5/12/2015,4.47
5/11/2015,4.71
5/8/2015,4.45
5/7/2015,4.5
5/6/2015,4.41
5/5/2015,4.46
5/4/2015,4.56
5/1/2015,4.22
4/30/2015,4.3
4/29/2015,4.2
4/28/2015,4.05
4/27/2015,3.98
4/24/2015,4.16
4/23/2015,3.96
4/22/2015,4.25
4/21/2015,4.32
4/20/2015,4.14
4/17/2015,4.31
4/16/2015,4.22
4/15/2015,4.3
4/14/2015,4.35
4/13/2015,4
4/10/2015,3.9
4/9/2015,3.86
4/8/2015,4
4/7/2015,4.1
4/6/2015,4.11
4/3/2015,4.15
4/2/2015,4.09
4/1/2015,4.1
3/31/2015,4.4
3/30/2015,4.55
3/27/2015,4.3
3/26/2015,4.36
3/25/2015,4.4
3/24/2015,4.6
3/23/2015,4.68
3/20/2015,4.3
3/19/2015,4.25
3/18/2015,4.08
3/17/2015,4.06
3/16/2015,4.01
3/13/2015,3.74
3/12/2015,3.54
3/11/2015,3.65
3/10/2015,4.06
3/9/2015,4.2
3/6/2015,4.07
3/5/2015,3.95
3/4/2015,3.95
3/3/2015,4.05
3/2/2015,4.19
2/27/2015,4.39
2/26/2015,3.84
2/25/2015,3.78
2/24/2015,3.33
2/23/2015,3.55
2/20/2015,3.97
2/19/2015,3.47
2/18/2015,3.49
2/17/2015,3.43
2/16/2015,3.37
2/13/2015,3.36
2/12/2015,3.49
2/11/2015,3.47
2/10/2015,3.35
2/9/2015,3.33
2/6/2015,3.09
2/5/2015,3.04
2/4/2015,3.07
2/3/2015,2.98
2/2/2015,2.81
1/30/2015,2.78
1/29/2015,2.84
1/28/2015,3.08
1/27/2015,2.99
1/26/2015,2.73
1/23/2015,3.19
1/22/2015,3.03
1/21/2015,3.4
1/20/2015,3.62
1/19/2015,4.1
1/16/2015,3.97
1/15/2015,3.83
1/14/2015,3.64
1/13/2015,3.74
1/12/2015,3.72
1/9/2015,3.35
1/8/2015,3.29
1/7/2015,3.44
1/6/2015,3.57
1/5/2015,3.78
1/2/2015,3.81
1/1/2015,3.91
12/31/2014,3.98
12/30/2014,3.9
12/29/2014,4.08
12/26/2014,4.13
12/25/2014,4.12
12/24/2014,4.15
12/23/2014,4.05
12/22/2014,4.26
12/19/2014,3.99
12/18/2014,4.21
12/17/2014,3.97
12/16/2014,3.44
12/15/2014,3.29
12/12/2014,2.61
12/11/2014,2.33
12/10/2014,2.05
12/9/2014,2.42
12/8/2014,2.48
12/5/2014,2.25
12/4/2014,2.28
12/3/2014,2.37
12/2/2014,2.45
12/1/2014,2.39
11/28/2014,1.97
11/27/2014,1.96
11/26/2014,2.78
11/25/2014,2.68
11/24/2014,2.97
11/21/2014,3.16
11/20/2014,2.92
11/19/2014,2.99
11/18/2014,2.89
11/17/2014,2.63
11/14/2014,2.6
11/13/2014,2.63
11/12/2014,2.67
11/11/2014,2.63
11/10/2014,2.54
11/7/2014,2.67
11/6/2014,2.68
11/5/2014,2.64
11/4/2014,2.63
11/3/2014,2.41
10/31/2014,2.39
10/30/2014,2.37
10/29/2014,2.19
10/28/2014,2.17
10/27/2014,2.12
10/24/2014,2.27
10/23/2014,2.48
10/22/2014,2.48
10/21/2014,2.5
10/20/2014,2.83
10/17/2014,2.7
10/16/2014,2.78
10/15/2014,2.83
10/14/2014,2.9
10/13/2014,2.94
10/10/2014,2.77
10/9/2014,2.65
10/8/2014,2.57
10/7/2014,2.65
10/6/2014,2.82
10/3/2014,2.57
10/2/2014,2.56
10/1/2014,2.56
9/30/2014,2.58
9/29/2014,2.81
9/26/2014,2.23
9/25/2014,2.14
9/24/2014,2.42
9/23/2014,2.43
9/22/2014,2.62
9/19/2014,2.66
9/18/2014,2.63
9/17/2014,3.05
9/16/2014,3.25
9/15/2014,2.97
9/12/2014,2.89
9/11/2014,3.03
9/10/2014,3.13
9/9/2014,3.18
9/8/2014,3.2
9/5/2014,3.15
9/4/2014,3.24
9/3/2014,2.44
9/2/2014,2.45
9/1/2014,2.3
8/29/2014,2.19
8/28/2014,2.14
8/27/2014,2.24
8/26/2014,2.14
8/25/2014,2.1
8/22/2014,1.98
8/21/2014,1.99
8/20/2014,2.14
8/19/2014,2.17
8/18/2014,2.23
8/15/2014,1.88
8/14/2014,1.86
8/13/2014,1.68
8/12/2014,1.84
8/11/2014,1.76
8/8/2014,1.55
8/7/2014,1.49
8/6/2014,1.6
8/5/2014,1.61
8/4/2014,1.43
8/1/2014,1.37
7/31/2014,1.28
7/30/2014,1.33
7/29/2014,1.39
7/28/2014,1.26
7/25/2014,1.38
7/24/2014,1.1
7/23/2014,1.12
7/22/2014,1.33
7/21/2014,1.66
7/18/2014,1.59
7/17/2014,1.76
7/16/2014,1.72
7/15/2014,1.74
7/14/2014,1.74
7/11/2014,1.72
7/10/2014,1.73
7/9/2014,1.73
7/8/2014,1.73
7/7/2014,1.79
7/4/2014,1.66
7/3/2014,1.65
7/2/2014,1.68
7/1/2014,1.66
6/30/2014,1.68
6/27/2014,1.53
6/26/2014,1.42
6/25/2014,1.5
6/24/2014,1.52
6/23/2014,1.19
6/20/2014,1.13
6/19/2014,1.58
6/18/2014,1.88
6/17/2014,2.07
6/16/2014,2.22
6/13/2014,1.8
6/12/2014,1.61
6/11/2014,0.88
6/10/2014,0.37
6/9/2014,0.22
6/6/2014,0.36
6/5/2014,0.4
6/4/2014,-0.2
6/3/2014,-0.54
6/2/2014,-0.67
5/30/2014,-0.8
5/29/2014,-0.75
5/28/2014,-0.61
5/27/2014,-0.38
5/26/2014,-0.95
5/23/2014,-1.05
5/22/2014,-1.17
5/21/2014,-1.26
5/20/2014,-1.14
5/19/2014,-1.16
5/16/2014,-1.07
5/15/2014,-1.15
5/14/2014,-1.2
5/13/2014,-1.22
5/12/2014,-1.54
5/9/2014,-1.65
5/8/2014,-1.52
5/7/2014,-1.3
5/6/2014,-1.42
5/5/2014,-1.12
5/2/2014,-1.14
5/1/2014,-1.03
4/30/2014,-0.99
4/29/2014,-0.91
4/28/2014,-1.41
4/25/2014,-1.6
4/24/2014,-1.39
4/23/2014,-1.3
4/22/2014,-1.12
4/21/2014,-0.8
4/18/2014,-0.77
4/17/2014,-0.81
4/16/2014,-0.75
4/15/2014,-0.98
4/14/2014,-1.03
4/11/2014,-1.12
4/10/2014,-1.16
4/9/2014,-1.16
4/8/2014,-1.05
4/7/2014,-1.19
4/4/2014,-1.32
4/3/2014,-1.19
4/2/2014,-0.93
4/1/2014,-0.97
3/31/2014,-0.89
3/28/2014,-0.85
3/27/2014,-0.96
3/26/2014,-1.11
3/25/2014,-0.87
3/24/2014,-0.93
3/21/2014,-0.83
3/20/2014,-0.65
3/19/2014,-0.63
3/18/2014,-0.62
3/17/2014,-0.52
3/14/2014,-0.44
3/13/2014,-0.35
3/12/2014,-0.44
3/11/2014,-0.47
3/10/2014,-0.59
3/7/2014,-0.78
3/6/2014,-0.57
3/5/2014,-0.22
3/4/2014,-0.19
3/3/2014,-0.2
2/28/2014,-0.26
2/27/2014,-0.08
2/26/2014,-0.13
2/25/2014,-0.13
2/24/2014,-0.05
2/21/2014,-0.18
2/20/2014,-0.18
2/19/2014,-0.18
2/18/2014,-0.17
2/17/2014,-0.15
2/14/2014,-0.15
2/13/2014,-0.1
2/12/2014,-0.19
2/11/2014,-0.41
2/10/2014,-0.48
2/7/2014,-0.32
2/6/2014,-0.31
2/5/2014,-0.02
2/4/2014,-0.2
2/3/2014,-0.09
1/31/2014,0.1
1/30/2014,-0.17
1/29/2014,-0.3
1/28/2014,-0.41
1/27/2014,-0.42
1/24/2014,-0.35
1/23/2014,-0.41
1/22/2014,-0.51
1/21/2014,-0.59
1/20/2014,-0.73
1/17/2014,-0.77
1/16/2014,-1.02
1/15/2014,-0.83
1/14/2014,-0.41
1/13/2014,-0.13
1/10/2014,-0.27
1/9/2014,-0.38
1/8/2014,-0.38
1/7/2014,-0.37
1/6/2014,-0.04
1/3/2014,0.02
1/2/2014,-0.21
1/1/2014,-0.15
12/31/2013,-0.23
12/30/2013,-0.05
12/27/2013,-1.18
12/26/2013,-1.14
12/25/2013,-1.02
12/24/2013,-1.07
12/23/2013,-1.03
12/20/2013,-0.64
12/19/2013,-0.38
12/18/2013,-0.76
12/17/2013,-1.57
12/16/2013,-1.51
12/13/2013,-1.2
12/12/2013,-0.98
12/11/2013,-0.94
12/10/2013,-1.05
12/9/2013,-1
12/6/2013,-0.78
12/5/2013,-0.47
12/4/2013,-0.28
12/3/2013,-0.28
12/2/2013,-0.21
11/29/2013,-0.13
11/28/2013,-0.19
11/27/2013,0.58
11/26/2013,0.57
11/25/2013,0.44
11/22/2013,0.46
11/21/2013,0.7
11/20/2013,0.75
11/19/2013,0.77
11/18/2013,0.78
11/15/2013,0.78
11/14/2013,0.83
11/13/2013,0.94
11/12/2013,0.92
11/11/2013,0.83
11/8/2013,0.83
11/7/2013,0.84
11/6/2013,0.89
11/5/2013,0.97
11/4/2013,1
11/1/2013,0.87
10/31/2013,0.88
10/30/2013,0.82
10/29/2013,0.88
10/28/2013,0.93
10/25/2013,0.97
10/24/2013,0.97
10/23/2013,1.18
10/22/2013,1.18
10/21/2013,1.43
10/18/2013,1.32
10/17/2013,1.31
10/16/2013,1.56
10/15/2013,1.51
10/14/2013,1.51
10/11/2013,1.31
10/10/2013,1.38
10/9/2013,1.71
10/8/2013,1.63
10/7/2013,1.28
10/4/2013,1.04
10/3/2013,0.97
10/2/2013,0.96
10/1/2013,0.97
9/30/2013,1.1
9/27/2013,1.03
9/26/2013,1.01
9/25/2013,0.78
9/24/2013,0.74
9/23/2013,0.96
9/20/2013,1.01
9/19/2013,1.08
9/18/2013,1.28
9/17/2013,1.3
9/16/2013,1.15
9/13/2013,1.16
9/12/2013,1.17
9/11/2013,1.17
9/10/2013,1.28
9/9/2013,1.27
9/6/2013,1.34
9/5/2013,1.38
9/4/2013,1.37
9/3/2013,1.37
9/2/2013,1.29
8/30/2013,1.27
8/29/2013,1.33
8/28/2013,1.39
8/27/2013,1.51
8/26/2013,1.62
8/23/2013,1.54
8/22/2013,1.53
8/21/2013,1.52
8/20/2013,1.57
8/19/2013,1.54
8/16/2013,1.47
8/15/2013,1.48
8/14/2013,1.5
8/13/2013,1.51
8/12/2013,1.51
8/9/2013,1.34
8/8/2013,1.25
8/7/2013,1.28
8/6/2013,1.34
8/5/2013,1.41
8/2/2013,1.39
8/1/2013,1.35
7/31/2013,1.36
7/30/2013,1.42
7/29/2013,1.38
7/26/2013,1.33
7/25/2013,1.41
7/24/2013,1.43
7/23/2013,1.51
7/22/2013,1.49
7/19/2013,1.42
7/18/2013,1.45
7/17/2013,1.51
7/16/2013,1.68
7/15/2013,1.8
7/12/2013,1.64
7/11/2013,1.5
7/10/2013,1.47
7/9/2013,1.46
7/8/2013,1.48
7/5/2013,1.53
7/4/2013,1.62
7/3/2013,1.61
7/2/2013,1.44
7/1/2013,1.54
6/28/2013,1.61
6/27/2013,1.63
6/26/2013,1.33
6/25/2013,1.74
6/24/2013,1.82
6/21/2013,1.88
6/20/2013,1.89
6/19/2013,1.93
6/18/2013,1.99
6/17/2013,1.87
6/14/2013,1.9
6/13/2013,2.02
6/12/2013,2.1
6/11/2013,2.19
6/10/2013,2.06
6/7/2013,2.04
6/6/2013,1.96
6/5/2013,2.07
6/4/2013,2.13
6/3/2013,1.97
5/31/2013,2.07
5/30/2013,2.07
5/29/2013,2.01
5/28/2013,2
5/27/2013,2.01
5/24/2013,2.07
5/23/2013,2.13
5/22/2013,2.16
5/21/2013,2.27
5/20/2013,2.33
5/17/2013,2.38
5/16/2013,2.39
5/15/2013,2.33
5/14/2013,2.38
5/13/2013,2.42
5/10/2013,2.22
5/9/2013,2.28
5/8/2013,2.32
5/7/2013,2.46
5/6/2013,2.58
5/3/2013,2.41
5/2/2013,2.54
5/1/2013,2.62
4/30/2013,2.58
4/29/2013,2.68
4/26/2013,2.61
4/25/2013,2.43
4/24/2013,2.59
4/23/2013,2.73
4/22/2013,2.44
4/19/2013,2.4
4/18/2013,2.48
4/17/2013,2.56
4/16/2013,2.6
4/15/2013,2.45
4/12/2013,2.51
4/11/2013,2.45
4/10/2013,2.51
4/9/2013,2.52
4/8/2013,2.45
4/5/2013,2.47
4/4/2013,2.55
4/3/2013,2.6
4/2/2013,2.68
4/1/2013,2.55
3/29/2013,2.51
3/28/2013,2.51
3/27/2013,2.76
3/26/2013,3.09
3/25/2013,3.1
3/22/2013,3.11
3/21/2013,3.04
3/20/2013,3
3/19/2013,3.2
3/18/2013,3.05
3/15/2013,2.7
3/14/2013,2.69
3/13/2013,2.65
3/12/2013,2.7
3/11/2013,2.78
3/8/2013,2.56
3/7/2013,2.58
3/6/2013,2.65
3/5/2013,2.65
3/4/2013,3.01
3/1/2013,2.81
2/28/2013,2.85
2/27/2013,3.01
2/26/2013,2.72
2/25/2013,2.57
2/22/2013,2.67
2/21/2013,2.6
2/20/2013,2.56
2/19/2013,2.61
2/18/2013,2.52
2/15/2013,2.52
2/14/2013,2.55
2/13/2013,2.49
2/12/2013,2.51
2/11/2013,2.59
2/8/2013,2.61
2/7/2013,2.61
2/6/2013,2.53
2/5/2013,2.51
2/4/2013,2.61
2/1/2013,2.41
1/31/2013,2.19
1/30/2013,2.26
1/29/2013,2.46
1/28/2013,2.61
1/25/2013,2.6
1/24/2013,2.79
1/23/2013,2.86
1/22/2013,3.06
1/21/2013,3.16
1/18/2013,3.03
1/17/2013,2.99
1/16/2013,3.22
1/15/2013,3.37
1/14/2013,3.51
1/11/2013,3.19
1/10/2013,3.16
1/9/2013,3.41
1/8/2013,3.59
1/7/2013,3.65
1/4/2013,3.33
1/3/2013,3.44
1/2/2013,3.46
1/1/2013,3.59
12/31/2012,3.6
12/28/2012,3.78
12/27/2012,5.11
12/26/2012,5.77
12/25/2012,5.75
12/24/2012,5.75
12/21/2012,5.55
12/20/2012,5.52
12/19/2012,5.05
12/18/2012,4.8
12/17/2012,4.75
12/14/2012,4.22
12/13/2012,4.1
12/12/2012,4.07
12/11/2012,4.3
12/10/2012,4.55
12/7/2012,4.41
12/6/2012,4.4
12/5/2012,4.43
12/4/2012,4.68
12/3/2012,4.61
11/30/2012,4.4
11/29/2012,4.45
11/28/2012,3.54
11/27/2012,3.7
11/26/2012,3.42
11/23/2012,3.25
11/22/2012,3.31
11/21/2012,3.3
11/20/2012,3.3
11/19/2012,3.3
11/16/2012,3.49
11/15/2012,3.46
11/14/2012,3.45
11/13/2012,3.51
11/12/2012,3.28
11/9/2012,3.28
11/8/2012,3.3
11/7/2012,3.41
11/6/2012,3.6
11/5/2012,3.4
11/2/2012,3.43
11/1/2012,3.47
10/31/2012,3.51
10/30/2012,3.62
10/29/2012,3.48
10/26/2012,3.26
10/25/2012,3.25
10/24/2012,3.15
10/23/2012,3.4
10/22/2012,3.56
10/19/2012,3.49
10/18/2012,3.6
10/17/2012,3.48
10/16/2012,3.53
10/15/2012,3.6
10/12/2012,3.4
10/11/2012,3.6
10/10/2012,3.7
10/9/2012,3.91
10/8/2012,3.92
10/5/2012,3.5
10/4/2012,3.55
10/3/2012,3.75
10/2/2012,4.06
10/1/2012,4.1
9/28/2012,3.91
9/27/2012,3.8
9/26/2012,4.75
9/25/2012,3.95
9/24/2012,3.6
9/21/2012,3.55
9/20/2012,3.7
9/19/2012,3.68
9/18/2012,3.88
9/17/2012,3.3
9/14/2012,3
9/13/2012,3.05
9/12/2012,3.35
9/11/2012,3.65
9/10/2012,3.47
9/7/2012,3.5
9/6/2012,3.8
9/5/2012,4.2
9/4/2012,4.15
9/3/2012,3.7
8/31/2012,3.75
8/30/2012,4.05
8/29/2012,3.7
8/28/2012,3.79
8/27/2012,3.9
8/24/2012,4.04
8/23/2012,3.95
8/22/2012,3.87
8/21/2012,4.05
8/20/2012,4
8/17/2012,3.77
8/16/2012,3.71
8/15/2012,3.36
8/14/2012,3.5
8/13/2012,3.71
8/10/2012,3.49
8/9/2012,3.5
8/8/2012,3.5
8/7/2012,3.76
8/6/2012,3.93
8/3/2012,3.91
8/2/2012,4.24
8/1/2012,4.6
7/31/2012,4.5
7/30/2012,4.85
7/27/2012,4.29
7/26/2012,3.9
7/25/2012,4.02
7/24/2012,4.4
7/23/2012,4.69
7/20/2012,4.21
7/19/2012,4.21
7/18/2012,4.25
7/17/2012,4.5
7/16/2012,4.35
7/13/2012,4.36
7/12/2012,4.41
7/11/2012,4.41
7/10/2012,4.95
7/9/2012,5.21
7/6/2012,4.91
7/5/2012,4.81
7/4/2012,3.72
7/3/2012,3.92
7/2/2012,4.21
6/29/2012,3.11
6/28/2012,3.19
6/27/2012,3.31
6/26/2012,3.11
6/25/2012,3.06
6/22/2012,2.64
6/21/2012,2.43
6/20/2012,2.46
6/19/2012,2.66
6/18/2012,2.77
6/15/2012,2.93
6/14/2012,2.82
6/13/2012,2.56
6/12/2012,2.48
6/11/2012,1.86
6/8/2012,1.9
6/7/2012,1.77
6/6/2012,1.82
6/5/2012,1.83
6/4/2012,2.14
6/1/2012,2.1
5/31/2012,1.67
5/30/2012,1.45
5/29/2012,1.2
5/28/2012,1.19
5/25/2012,1.22
5/24/2012,1.23
5/23/2012,1.3
5/22/2012,1.3
5/21/2012,1.35
5/18/2012,1.51
5/17/2012,1.46
5/16/2012,1.5
5/15/2012,1.39
5/14/2012,1.37
5/11/2012,1.12
5/10/2012,1.05
5/9/2012,1.2
5/8/2012,1.26
5/7/2012,1.29
5/4/2012,1.1
5/3/2012,1.25
5/2/2012,1.5
5/1/2012,1.51
4/30/2012,1.56
4/27/2012,1.5
4/26/2012,1.29
4/25/2012,1.27
4/24/2012,1.29
4/23/2012,1.39
4/20/2012,1.33
4/19/2012,1.39
4/18/2012,1.43
4/17/2012,1.68
4/16/2012,1.87
4/13/2012,1.72
4/12/2012,1.71
4/11/2012,1.96
4/10/2012,2.41
4/9/2012,1.98
4/6/2012,1.97
4/5/2012,1.98
4/4/2012,1.79
4/3/2012,1.85
4/2/2012,1.9
3/30/2012,1.75
3/29/2012,1.62
3/28/2012,1.49
3/27/2012,1.63
3/26/2012,1.68
3/23/2012,1.75
3/22/2012,1.99
3/21/2012,1.98
3/20/2012,2.22
3/19/2012,2.3
3/16/2012,2.09
3/15/2012,1.84
3/14/2012,1.8
3/13/2012,2.2
3/12/2012,2.38
3/9/2012,2.1
3/8/2012,2.09
3/7/2012,2.24
3/6/2012,2.54
3/5/2012,2.67
3/2/2012,3.06
3/1/2012,2.15
2/29/2012,1.55
2/28/2012,1.45
2/27/2012,1.37
2/24/2012,1.32
2/23/2012,1.43
2/22/2012,1.19
2/21/2012,0.96
2/20/2012,1.06
2/17/2012,1.03
2/16/2012,1.06
2/15/2012,0.91
2/14/2012,0.8
2/13/2012,0.67
2/10/2012,0.73
2/9/2012,0.68
2/8/2012,0.7
2/7/2012,0.75
2/6/2012,0.69
2/3/2012,0.61
2/2/2012,0.64
2/1/2012,0.72
1/31/2012,0.7
1/30/2012,0.73
1/27/2012,0.65
1/26/2012,0.59
1/25/2012,0.86
1/24/2012,1.12
1/23/2012,1.2
1/20/2012,1.1
1/19/2012,0.9
1/18/2012,0.92
1/17/2012,0.9
1/16/2012,1.2
1/13/2012,0.91
1/12/2012,0.96
1/11/2012,1.09
1/10/2012,1.21
1/9/2012,1.27
1/6/2012,1.31
1/5/2012,1.57
1/4/2012,1.72
1/3/2012,1.55
1/2/2012,3.01
12/30/2011,2.65
12/29/2011,2.55
12/28/2011,4.14
12/27/2011,6.74
12/26/2011,6.91
12/23/2011,6.69
12/22/2011,6.28
12/21/2011,6.02
12/20/2011,5.68
12/19/2011,4.72
12/16/2011,6.1
12/15/2011,7.29
12/14/2011,10.6
12/13/2011,10.3
12/12/2011,7.84
12/9/2011,4.96
12/8/2011,4.15
12/7/2011,2.75
12/6/2011,3.82
12/5/2011,4.2
12/2/2011,4.15
12/1/2011,3.59
11/30/2011,4.49
11/29/2011,5.82
11/28/2011,1.35
11/25/2011,0.7
11/24/2011,0.09
11/23/2011,-0.19
11/22/2011,-0.31
11/21/2011,-0.06
11/18/2011,-0.27
11/17/2011,0.12
11/16/2011,-0.36
11/15/2011,-0.66
11/14/2011,-1.21
11/11/2011,-1.12
11/10/2011,-0.89
11/9/2011,-1.12
11/8/2011,-1.97
11/7/2011,-2.12
11/4/2011,-2.55
11/3/2011,-2.38
11/2/2011,-3.93
11/1/2011,-3.14
10/31/2011,-4.17
10/28/2011,-4.6
10/27/2011,-4.86
10/26/2011,-4.45
10/25/2011,-4.64
10/24/2011,-4.92
10/21/2011,-4.54
10/20/2011,-4.64
10/19/2011,-4.65
10/18/2011,-4.88
10/17/2011,-5.12
10/14/2011,-5.34
10/13/2011,-5.11
10/12/2011,-5.28
10/11/2011,-5.38
10/10/2011,-5.25
10/7/2011,-5.03
10/6/2011,-4.87
10/5/2011,-3.64
10/4/2011,-3.82
10/3/2011,-3.48
9/30/2011,-3.12
9/29/2011,-3.49
9/28/2011,-4.66
9/27/2011,-4.89
9/26/2011,-4.2
9/23/2011,-3.84
9/22/2011,-3.96
9/21/2011,-4.69
9/20/2011,-4.74
9/19/2011,-4.92
9/16/2011,-5.25
9/15/2011,-5.45
9/14/2011,-5.19
9/13/2011,-4.7
9/12/2011,-3.55
9/9/2011,-4.03
9/8/2011,-4.78
9/7/2011,-4.31
9/6/2011,-4.16
9/5/2011,-4.16
9/2/2011,-4.5
9/1/2011,-5.08
8/31/2011,-5.56
8/30/2011,-5.5
8/29/2011,-5.77
8/26/2011,-5.57
8/25/2011,-5.53
8/24/2011,-5.94
8/23/2011,-5.86
8/22/2011,-5.63
8/19/2011,-5
8/18/2011,-5.43
8/17/2011,-5.69
8/16/2011,-5.77
8/15/2011,-6.4
8/12/2011,-5.32
8/11/2011,-4.9
8/10/2011,-5.29
8/9/2011,-5.65
8/8/2011,-5.74
8/5/2011,-9.24
8/4/2011,-9.1
8/3/2011,-9.27
8/2/2011,-8.55
8/1/2011,-10.33
7/29/2011,-9.61
7/28/2011,-11.4
7/27/2011,-11.93
7/26/2011,-12.8
7/25/2011,-13.32
7/22/2011,-12.77
7/21/2011,-12.7
7/20/2011,-12.26
7/19/2011,-13.4
7/18/2011,-14
7/15/2011,-13.3
7/14/2011,-13.34
7/13/2011,-13.59
7/12/2011,-14.09
7/11/2011,-13.46
7/8/2011,-13.29
7/7/2011,-13.14
7/6/2011,-12.15
7/5/2011,-12.56
7/4/2011,-13.05
7/1/2011,-12.67
6/30/2011,-12.38
6/29/2011,-11.97
6/28/2011,-11.22
6/27/2011,-11
6/24/2011,-11.06
6/23/2011,-10.92
6/22/2011,-11.62
6/21/2011,-12.63
6/20/2011,-12.47
6/17/2011,-12.06
6/16/2011,-11.47
6/15/2011,-11.58
6/14/2011,-13.08
6/13/2011,-11.21
6/10/2011,-11.05
6/9/2011,-11.52
6/8/2011,-11.55
6/7/2011,-12.07
6/6/2011,-10.74
6/3/2011,-10.51
6/2/2011,-10.11
6/1/2011,-10.47
5/31/2011,-10.53
5/30/2011,-9.42
5/27/2011,-9.55
5/26/2011,-9.77
5/25/2011,-10.53
5/24/2011,-11.2
5/23/2011,-10.58
5/20/2011,-10.34
5/19/2011,-10.6
5/18/2011,-10.49
5/17/2011,-10.56
5/16/2011,-11.06
5/13/2011,-10.4
5/12/2011,-10.31
5/11/2011,-10.06
5/10/2011,-10.98
5/9/2011,-11.99
5/6/2011,-11.86
5/5/2011,-11.82
5/4/2011,-12.17
5/3/2011,-12.75
5/2/2011,-13.59
4/29/2011,-12.6
4/28/2011,-12.68
4/27/2011,-13.24
4/26/2011,-12.72
4/25/2011,-11.37
4/22/2011,-11.3
4/21/2011,-11.31
4/20/2011,-10.87
4/19/2011,-11.47
4/18/2011,-10.08
4/15/2011,-10.36
4/14/2011,-10.3
4/13/2011,-10.62
4/12/2011,-10.51
4/11/2011,-9.85
4/8/2011,-9.96
4/7/2011,-9.41
4/6/2011,-9.32
4/5/2011,-9.01
4/4/2011,-8.11
4/1/2011,-7.74
3/31/2011,-7.92
3/30/2011,-7.74
3/29/2011,-7.45
3/28/2011,-7.4
3/25/2011,-7.02
3/24/2011,-6.93
3/23/2011,-6.78
3/22/2011,-7.07
3/21/2011,-7.07
3/18/2011,-6.85
3/17/2011,-5.35
3/16/2011,-4.82
3/15/2011,-5.12
3/14/2011,-5.48
3/11/2011,-4.58
3/10/2011,-4.55
3/9/2011,-5
3/8/2011,-5.27
3/7/2011,-5.86
3/4/2011,-5.53
3/3/2011,-5.43
3/2/2011,-4.93
3/1/2011,-5.16
2/28/2011,-5.65
2/25/2011,-5.16
2/24/2011,-4.98
2/23/2011,-4.73
2/22/2011,-4.36
2/21/2011,-3.93
2/18/2011,-3.84
2/17/2011,-4.05
2/16/2011,-4.15
2/15/2011,-4.16
2/14/2011,-4.05
2/11/2011,-4.05
2/10/2011,-4.31
2/9/2011,-4.9
2/8/2011,-4.97
2/7/2011,-3.81
2/4/2011,-4.13
2/3/2011,-4.24
2/2/2011,-4.48
2/1/2011,-4.6
1/31/2011,-4.94
1/28/2011,-4.45
1/27/2011,-4.88
1/26/2011,-5.58
1/25/2011,-6
1/24/2011,-4.2
1/21/2011,-4.35
1/20/2011,-4.15
1/19/2011,-3.33
1/18/2011,-3.83
1/17/2011,-3.1
1/14/2011,-2.73
1/13/2011,-2.75
1/12/2011,-2.15
1/11/2011,-1.75
1/10/2011,-1.3
1/7/2011,-1.18
1/6/2011,-0.75
1/5/2011,-1.75
1/4/2011,-1.4
1/3/2011,-0.8
12/31/2010,-0.64
12/30/2010,-0.27
12/29/2010,0.02
12/28/2010,0.28
12/27/2010,0.65
12/24/2010,0.23
12/23/2010,0.5
12/22/2010,0.25
12/21/2010,0.02
12/20/2010,0.83
12/17/2010,0.53
12/16/2010,0.69
12/15/2010,0.26
12/14/2010,-0.28
12/13/2010,-0.94
12/10/2010,-1.05
12/9/2010,-1.36
12/8/2010,-2.1
12/7/2010,-2.63
12/6/2010,-2.89
12/3/2010,-2.76
12/2/2010,-2
12/1/2010,-1.45
11/30/2010,-1.32
11/29/2010,-1.88
11/26/2010,-1.65
11/25/2010,-2.44
11/24/2010,-2.5
11/23/2010,-2.78
11/22/2010,-2.91
11/19/2010,-2.83
11/18/2010,-2.65
11/17/2010,-3.08
11/16/2010,-3.48
11/15/2010,-3.6
11/12/2010,-3.97
11/11/2010,-4.16
11/10/2010,-4.58
11/9/2010,-4.46
11/8/2010,-4.5
11/5/2010,-4.95
11/4/2010,-5.11
11/3/2010,-4.97
11/2/2010,-4.95
11/1/2010,-4.81
10/29/2010,-4.88
10/28/2010,-5
10/27/2010,-5.09
10/26/2010,-5.51
10/25/2010,-5.35
10/22/2010,-5
10/21/2010,-5.09
10/20/2010,-5.6
10/19/2010,-5.4
10/18/2010,-5.5
10/15/2010,-4.4
10/14/2010,-4.2
10/13/2010,-3.39
10/12/2010,-3.51
10/11/2010,-3.86
10/8/2010,-3.56
10/7/2010,-3.21
10/6/2010,-2.33
10/5/2010,-2.48
10/4/2010,-2.75
10/1/2010,-3.23
9/30/2010,-3.16
9/29/2010,-1.35
9/28/2010,-0.96
9/27/2010,-1.1
9/24/2010,-1
9/23/2010,-1
9/22/2010,-1.21
9/21/2010,-1.35
9/20/2010,-1
9/17/2010,-1
9/16/2010,-1.1
9/15/2010,-1.1
9/14/2010,-1.18
9/13/2010,-1.05
9/10/2010,-0.9
9/9/2010,-0.81
9/8/2010,-0.6
9/7/2010,-0.7
9/6/2010,-0.9
9/3/2010,-0.95
9/2/2010,-0.65
9/1/2010,-0.55
8/31/2010,-0.5
8/30/2010,-0.6
8/27/2010,-0.6
8/26/2010,-0.7
8/25/2010,-0.6
8/24/2010,-0.69
8/23/2010,-0.75
8/20/2010,-0.75
8/19/2010,-0.75
8/18/2010,-0.75
8/17/2010,-0.8
8/16/2010,-0.85
8/13/2010,-0.8
8/12/2010,-0.8
8/11/2010,-1
8/10/2010,-0.96
8/9/2010,-1.1
8/6/2010,-1
8/5/2010,-0.83
8/4/2010,-0.56
8/3/2010,-0.6
8/2/2010,-0.45
7/30/2010,-0.23
7/29/2010,-0.5
7/28/2010,-0.73
7/27/2010,-0.65
7/26/2010,-0.55
7/23/2010,-0.43
7/22/2010,-0.55
7/21/2010,-0.55
7/20/2010,-0.58
7/19/2010,-1
7/16/2010,-0.95
7/15/2010,-0.66
7/14/2010,0.03
7/13/2010,0.35
7/12/2010,0.56
7/9/2010,0.3
7/8/2010,0.35
7/7/2010,0.93
7/6/2010,1.28
7/5/2010,1.66
7/2/2010,1.53
7/1/2010,1.56
6/30/2010,1.81
6/29/2010,2.16
6/28/2010,2.01
6/25/2010,1.96
6/24/2010,2.29
6/23/2010,2.64
6/22/2010,2.51
6/21/2010,2.45
6/18/2010,2.91
6/17/2010,3.11
6/16/2010,3.21
6/15/2010,3.23
6/14/2010,2.98
6/11/2010,2.88
6/10/2010,2.74
6/9/2010,3.07
6/8/2010,3.36
6/7/2010,3.45
6/4/2010,3.1
6/3/2010,3.47
6/2/2010,4
6/1/2010,4.2
5/31/2010,3.99
5/28/2010,4.2
5/27/2010,3
5/26/2010,5.08
5/25/2010,5
5/24/2010,3.58
5/21/2010,2.76
5/20/2010,2.55
5/19/2010,2.41
5/18/2010,2.3
5/17/2010,2.35
5/14/2010,2.3
5/13/2010,1.8
5/12/2010,1.83
5/11/2010,2.05
5/10/2010,1.75
5/7/2010,3
5/6/2010,4.07
5/5/2010,1.81
5/4/2010,1.6
5/3/2010,1.21
4/30/2010,1.46
4/29/2010,1.13
4/28/2010,1.5
4/27/2010,0.84
4/26/2010,0.75
4/23/2010,0.8
4/22/2010,0.81
4/21/2010,0.78
4/20/2010,0.7
4/19/2010,0.9
4/16/2010,0.89
4/15/2010,0.91
4/14/2010,0.9
4/13/2010,0.6
4/12/2010,0.46
4/9/2010,0.5
4/8/2010,0.45
4/7/2010,0.42
4/6/2010,0.36
4/5/2010,0.39
4/2/2010,0.39
4/1/2010,0.38
3/31/2010,0.33
3/30/2010,0.45
3/29/2010,0.34
3/26/2010,-0.03
3/25/2010,0.26
3/24/2010,0.35
3/23/2010,0.51
3/22/2010,0.5
3/19/2010,0.32
3/18/2010,0.29
3/17/2010,0.4
3/16/2010,0.26
3/15/2010,0.32
3/12/2010,-0.21
3/11/2010,-0.35
3/10/2010,-0.4
3/9/2010,-0.25
3/8/2010,-0.15
3/5/2010,-0.56
3/4/2010,-0.55
3/3/2010,-0.59
3/2/2010,-0.62
3/1/2010,-0.67
2/26/2010,-0.68
2/25/2010,-0.66
2/24/2010,-0.69
2/23/2010,-0.65
2/22/2010,-0.61
2/19/2010,-0.61
2/18/2010,-0.46
2/17/2010,-0.69
2/16/2010,-0.69
2/15/2010,-0.75
2/12/2010,-0.81
2/11/2010,-0.8
2/10/2010,-0.78
2/9/2010,-0.44
2/8/2010,-0.65
2/5/2010,-0.69
2/4/2010,-0.88
2/3/2010,-0.91
2/2/2010,-0.93
2/1/2010,-0.92
1/29/2010,-0.93
1/28/2010,-0.93
1/27/2010,-0.92
1/26/2010,-0.97
1/25/2010,-0.94
1/22/2010,-1.02
1/21/2010,-1.17
1/20/2010,-1
1/19/2010,-0.97
1/18/2010,-0.91
1/15/2010,-0.93
1/14/2010,-0.9
1/13/2010,-0.8
1/12/2010,-0.63
1/11/2010,-0.86
1/8/2010,-0.86
1/7/2010,-0.81
1/6/2010,-0.7
1/5/2010,-0.65
1/4/2010,-0.6
1/1/2010,-0.6
12/31/2009,-0.56
12/30/2009,-0.58
12/29/2009,-0.32
12/28/2009,-0.35
12/25/2009,-0.35
12/24/2009,-0.45
12/23/2009,-0.38
12/22/2009,-0.25
12/21/2009,-0.75
12/18/2009,-0.8
12/17/2009,-0.88
12/16/2009,-0.95
12/15/2009,-0.95
12/14/2009,-1.16
12/11/2009,-1.2
12/10/2009,-1.2
12/9/2009,-0.95
12/8/2009,-1.2
12/7/2009,-1.34
12/4/2009,-1.3
12/3/2009,-1.43
12/2/2009,-1.5
12/1/2009,-1.55
11/30/2009,-1.45
11/27/2009,-1.16
11/26/2009,-1.94
11/25/2009,-2.07
11/24/2009,-2.21
11/23/2009,-2.45
11/20/2009,-2.3
11/19/2009,-2.31
11/18/2009,-2.14
11/17/2009,-1.96
11/16/2009,-1.62
11/13/2009,-1.59
11/12/2009,-1.47
11/11/2009,-1.45
11/10/2009,-1.4
11/9/2009,-1.36
11/6/2009,-1.31
11/5/2009,-1.2
11/4/2009,-1.25
11/3/2009,-1.27
11/2/2009,-1.2
10/30/2009,-1.07
10/29/2009,-1.16
10/28/2009,-0.95
10/27/2009,-1
10/26/2009,-0.88
10/23/2009,-0.83
10/22/2009,-0.87
10/21/2009,-0.87
10/20/2009,-0.87
10/19/2009,-0.9
10/16/2009,-0.89
10/15/2009,-1.04
10/14/2009,-0.93
10/13/2009,-0.9
10/12/2009,-0.85
10/9/2009,-0.8
10/8/2009,-0.62
10/7/2009,-0.94
10/6/2009,-0.5
10/5/2009,-0.75
10/2/2009,-0.53
10/1/2009,-0.44
9/30/2009,-0.23
9/29/2009,-0.21
9/28/2009,-0.24
9/25/2009,-0.33
9/24/2009,-0.2
9/23/2009,-0.01
9/22/2009,-0.01
9/21/2009,0.09
9/18/2009,0.16
9/17/2009,0.14
9/16/2009,0.18
9/15/2009,0.05
9/14/2009,-0.14
9/11/2009,-0.15
9/10/2009,0.09
9/9/2009,0.23
9/8/2009,0.03
9/7/2009,0.26
9/4/2009,0.08
9/3/2009,0.14
9/2/2009,0.17
9/1/2009,0.18
8/31/2009,0.18
8/28/2009,0.12
8/27/2009,0.04
8/26/2009,0.12
8/25/2009,0.09
8/24/2009,-0.03
8/21/2009,-0.06
8/20/2009,0.04
8/19/2009,0.25
8/18/2009,0.41
8/17/2009,0.26
8/14/2009,0.25
8/13/2009,0.21
8/12/2009,0.4
8/11/2009,0.43
8/10/2009,0.79
8/7/2009,0.75
8/6/2009,0.93
8/5/2009,0.95
8/4/2009,0.85
8/3/2009,0.7
7/31/2009,0.7
7/30/2009,0.78
7/29/2009,0.6
7/28/2009,0.55
7/27/2009,0.5
7/24/2009,0.45
7/23/2009,0.5
7/22/2009,0.45
7/21/2009,0.5
7/20/2009,0.6
7/17/2009,0.86
7/16/2009,1.17
7/15/2009,1.11
7/14/2009,1.16
7/13/2009,0.96
7/10/2009,0.71
7/9/2009,0.75
7/8/2009,0.9
7/7/2009,0.81
7/6/2009,0.27
7/3/2009,0.69
7/2/2009,0.9
7/1/2009,0.24
6/30/2009,0.14
6/29/2009,-0.61
6/26/2009,-0.08
6/25/2009,-0.15
6/24/2009,-1.97
6/23/2009,-1.89
6/22/2009,-2.32
6/19/2009,-2.66
6/18/2009,-3.42
6/17/2009,-3.57
6/16/2009,-4.02
6/15/2009,-3.9
6/12/2009,-4
6/11/2009,-4.09
6/10/2009,-4.39
6/9/2009,-4.45
6/8/2009,-4.28
6/5/2009,-4.3
6/4/2009,-4.32
6/3/2009,-3.73
6/2/2009,-3.42
6/1/2009,-3.1
5/29/2009,-3.26
5/28/2009,-3.32
5/27/2009,-3.8
5/26/2009,-4.61
5/25/2009,-4.67
5/22/2009,-4.3
5/21/2009,-4.36
5/20/2009,-5.11
5/19/2009,-4.25
5/18/2009,-2.92
5/15/2009,-2.52
5/14/2009,-1.98
5/13/2009,-2.71
5/12/2009,-3.28
5/11/2009,-3.04
5/8/2009,-2.78
5/7/2009,-1.82
5/6/2009,-0.97
5/5/2009,-1.02
5/4/2009,-1.57
5/1/2009,-1.49
4/30/2009,-1.59
4/29/2009,-1.51
4/28/2009,-1.22
4/27/2009,-2.65
4/24/2009,-2.91
4/23/2009,-3.71
4/22/2009,-4.68
4/21/2009,-4.17
4/20/2009,-4.29
4/17/2009,-4.47
4/16/2009,-3.8
4/15/2009,-3.5
4/14/2009,-3.51
4/13/2009,-3.14
4/10/2009,-3.26
4/9/2009,-3
4/8/2009,-2.5
4/7/2009,-1.64
4/6/2009,-1.37
4/3/2009,-1.33
4/2/2009,-1.51
4/1/2009,-0.74
3/31/2009,-0.88
3/30/2009,-0.81
3/27/2009,-0.77
3/26/2009,-1.04
3/25/2009,-0.95
3/24/2009,-1.47
3/23/2009,-1.75
3/20/2009,-2
3/19/2009,-1.85
3/18/2009,-1.96
3/17/2009,-1.42
3/16/2009,-1.25
3/13/2009,-1.41
3/12/2009,-1.22
3/11/2009,-1.2
3/10/2009,0.53
3/9/2009,0.29
3/6/2009,-0.88
3/5/2009,-0.95
3/4/2009,-1.7
3/3/2009,-1.91
3/2/2009,-2.64
2/27/2009,-2.73
2/26/2009,-3.31
2/25/2009,-3.98
2/24/2009,-4.4
2/23/2009,-4.95
2/20/2009,-4.92
2/19/2009,-4.31
2/18/2009,-4.38
2/17/2009,-4.19
2/16/2009,-4.78
2/13/2009,-5.09
2/12/2009,-5.45
2/11/2009,-5.8
2/10/2009,-5.9
2/9/2009,-5.97
2/6/2009,-6.02
2/5/2009,-5.55
2/4/2009,-5.24
2/3/2009,-6.05
2/2/2009,-4.32
1/30/2009,-5.59
1/29/2009,-6.2
1/28/2009,-6.73
1/27/2009,-7.45
1/26/2009,-6.77
1/23/2009,-6.8
1/22/2009,-8.03
1/21/2009,-7.37
1/20/2009,-10.88
1/19/2009,-12.01
1/16/2009,-11.83
1/15/2009,-12.75
1/14/2009,-15.25
1/13/2009,-16.99
1/12/2009,-18.8
1/9/2009,-17.8
1/8/2009,-18
1/7/2009,-17.85
1/6/2009,-16.63
1/5/2009,-17.4
1/2/2009,-18.13
1/1/2009,-18.77
12/31/2008,-18.37
12/30/2008,-17.96
12/29/2008,-15.81
12/26/2008,-13.08
12/25/2008,-13.55
12/24/2008,-13.02
12/23/2008,-13.35
12/22/2008,-14.82
12/19/2008,-14.09
12/18/2008,-14.18
12/17/2008,-15.82
12/16/2008,-13.75
12/15/2008,-13.62
12/12/2008,-14.55
12/11/2008,-14.16
12/10/2008,-14.25
12/9/2008,-14.77
12/8/2008,-13
12/5/2008,-10.14
12/4/2008,-7
12/3/2008,-4.66
12/2/2008,-4.6
12/1/2008,-4.67
11/28/2008,-4.68
11/27/2008,-4.24
11/26/2008,-7.15
11/25/2008,-9.25
11/24/2008,-8.56
11/21/2008,-11.83
11/20/2008,-13.08
11/19/2008,-16.24
11/18/2008,-18.13
11/17/2008,-16.99
11/14/2008,-15.91
11/13/2008,-17.27
11/12/2008,-19.9
11/11/2008,-22.41
11/10/2008,-22.52
11/7/2008,-20.9
11/6/2008,-17.77
11/5/2008,-17.47
11/4/2008,-19
11/3/2008,-14.95
10/31/2008,-14.87
10/30/2008,-11.55
10/29/2008,-11.22
10/28/2008,-7.72
10/27/2008,-4.76
10/24/2008,-6.04
10/23/2008,-10.93
10/22/2008,-9.8
10/21/2008,-12.4
10/20/2008,-10.75
10/17/2008,-11.66
10/16/2008,-5.3
10/15/2008,-6.8
10/14/2008,6.9
10/13/2008,8.41
10/10/2008,20.08
10/9/2008,27.4
10/8/2008,34.6
10/7/2008,11.53
10/6/2008,4.45
10/3/2008,-2.6
10/2/2008,11.4
10/1/2008,20.74
9/30/2008,44.8
9/29/2008,15.57
9/26/2008,8.66
9/25/2008,-0.02
9/24/2008,3.4
9/23/2008,0.58
9/22/2008,-2.32
9/19/2008,-1.69
9/18/2008,12
9/17/2008,18.45
9/16/2008,-7.57
9/15/2008,-18.29
9/12/2008,-23.11
9/11/2008,-22.87
9/10/2008,-24.37
9/9/2008,-22.76
9/8/2008,-22.75
9/5/2008,-22.55
9/4/2008,-22.5
9/3/2008,-23.4
9/2/2008,-24.02
9/1/2008,-22.78
8/29/2008,-22.87
8/28/2008,-22.92
8/27/2008,-24.43
8/26/2008,-24.41
8/25/2008,-25.26
8/22/2008,-24.18
8/21/2008,-24.35
8/20/2008,-24.5
8/19/2008,-25.05
8/18/2008,-25.72
8/15/2008,-24.26
8/14/2008,-24.5
8/13/2008,-24.33
8/12/2008,-25.09
8/11/2008,-25.85
8/8/2008,-24.54
8/7/2008,-24.75
8/6/2008,-24.65
8/5/2008,-25.35
8/4/2008,-25.9
8/1/2008,-25.25
7/31/2008,-25.27
7/30/2008,-25.7
7/29/2008,-21.98
7/28/2008,-23.39
7/25/2008,-24.73
7/24/2008,-25.32
7/23/2008,-25.3
7/22/2008,-26.5
7/21/2008,-27.08
7/18/2008,-25.38
7/17/2008,-25.32
7/16/2008,-25.45
7/15/2008,-26.36
7/14/2008,-26.86
7/11/2008,-24.9
7/10/2008,-25.33
7/9/2008,-24.86
7/8/2008,-24.96
7/7/2008,-26.2
7/4/2008,-24.15
7/3/2008,-24.01
7/2/2008,-23.36
7/1/2008,-24.11
6/30/2008,-25.35
6/27/2008,-22.85
6/26/2008,-21.85
6/25/2008,-23.12
6/24/2008,-24.13
6/23/2008,-22.65
6/20/2008,-22.85
6/19/2008,-22.92
6/18/2008,-23.06
6/17/2008,-22.85
6/16/2008,-20.55
6/13/2008,-20.76
6/12/2008,-21.2
6/11/2008,-23.37
6/10/2008,-24.02
6/9/2008,-22.68
6/6/2008,-22.36
6/5/2008,-22.35
6/4/2008,-22.49
6/3/2008,-23.32
6/2/2008,-24.25
5/30/2008,-21.46
5/29/2008,-21.21
5/28/2008,-22.82
5/27/2008,-25
5/26/2008,-26.7
5/23/2008,-25.18
5/22/2008,-25.35
5/21/2008,-25.26
5/20/2008,-26.25
5/19/2008,-25.99
5/16/2008,-23.66
5/15/2008,-23.95
5/14/2008,-23.04
5/13/2008,-23.3
5/12/2008,-23.27
5/9/2008,-22.99
5/8/2008,-22.73
5/7/2008,-22.55
5/6/2008,-22.79
5/5/2008,-22.89
5/2/2008,-21.44
5/1/2008,-20.22
4/30/2008,-19.93
4/29/2008,-19.55
4/28/2008,-18.45
4/25/2008,-18.91
4/24/2008,-18.67
4/23/2008,-19.2
4/22/2008,-19
4/21/2008,-17.2
4/18/2008,-16.7
4/17/2008,-17.56
4/16/2008,-18.94
4/15/2008,-20.86
4/14/2008,-20.06
4/11/2008,-20.34
4/10/2008,-19.41
4/9/2008,-19.39
4/8/2008,-19.22
4/7/2008,-17.66
4/4/2008,-17.65
4/3/2008,-17.25
4/2/2008,-16.78
4/1/2008,-17.24
3/31/2008,-16.18
3/28/2008,-16.95
3/27/2008,-16.01
3/26/2008,-18.34
3/25/2008,-20.57
3/24/2008,-20.65
3/21/2008,-20.66
3/20/2008,-20.65
3/19/2008,-20.39
3/18/2008,-21.41
3/17/2008,-22.8
3/14/2008,-22.2
3/13/2008,-20.68
3/12/2008,-18.64
3/11/2008,-19.1
3/10/2008,-19.91
3/7/2008,-17.64
3/6/2008,-15.91
3/5/2008,-15.08
3/4/2008,-14.79
3/3/2008,-15.08
2/29/2008,-13.8
2/28/2008,-13.36
2/27/2008,-12.21
2/26/2008,-11.83
2/25/2008,-12.09
2/22/2008,-11.98
2/21/2008,-11.96
2/20/2008,-13.21
2/19/2008,-13.26
2/18/2008,-11.9
2/15/2008,-11.69
2/14/2008,-11.21
2/13/2008,-11.9
2/12/2008,-11.45
2/11/2008,-11.84
2/8/2008,-11.91
2/7/2008,-11.64
2/6/2008,-12.31
2/5/2008,-11.2
2/4/2008,-9.86
2/1/2008,-10.07
1/31/2008,-11.6
1/30/2008,-11.88
1/29/2008,-9.5
1/28/2008,-10.58
1/25/2008,-10.33
1/24/2008,-10.54
1/23/2008,-10.65
1/22/2008,-10.14
1/21/2008,-3.7
1/18/2008,-3.17
1/17/2008,-2.37
1/16/2008,-2.15
1/15/2008,-1.85
1/14/2008,-1.7
1/11/2008,-1
1/10/2008,0.27
1/9/2008,2.05
1/8/2008,2.35
1/7/2008,3.02
1/4/2008,3.87
1/3/2008,5.1
1/2/2008,6.39
1/1/2008,8.22
12/31/2007,8.28
12/28/2007,8.7
12/27/2007,11.55
12/26/2007,8.15
12/25/2007,8.11
12/24/2007,8
12/21/2007,8.24
12/20/2007,7.3
12/19/2007,5.78
12/18/2007,8.63
12/17/2007,8.35
12/14/2007,5.91
12/13/2007,4.6
12/12/2007,4
12/11/2007,5.92
12/10/2007,6.6
12/7/2007,6.95
12/6/2007,8.69
12/5/2007,9.61
12/4/2007,10.38
12/3/2007,10.36
11/30/2007,10.4
11/29/2007,10.05
11/28/2007,11.3
11/27/2007,10.15
11/26/2007,8.1
11/23/2007,7.55
11/22/2007,7.44
11/21/2007,7.3
11/20/2007,7.95
11/19/2007,7.9
11/16/2007,7.9
11/15/2007,7.65
11/14/2007,7.78
11/13/2007,7.27
11/12/2007,6.57
11/9/2007,6.6
11/8/2007,6.65
11/7/2007,7
11/6/2007,7.35
11/5/2007,7.07
11/2/2007,6.95
11/1/2007,6.65
10/31/2007,7.28
10/30/2007,7.95
10/29/2007,7.65
10/26/2007,7
10/25/2007,7.1
10/24/2007,7.78
10/23/2007,8.74
10/22/2007,9.02
10/19/2007,8.78
10/18/2007,9.83
10/17/2007,10.17
10/16/2007,10.81
10/15/2007,11.26
10/12/2007,10.66
10/11/2007,10.83
10/10/2007,10.93
10/9/2007,10.72
10/8/2007,10.04
10/5/2007,9.91
10/4/2007,9.9
10/3/2007,11.24
10/2/2007,11.29
10/1/2007,12.17
9/28/2007,11.4
9/27/2007,11.02
9/26/2007,11.88
9/25/2007,10.4
9/24/2007,9.75
9/21/2007,9.71
9/20/2007,9.65
9/19/2007,6.49
9/18/2007,12.71
9/17/2007,12.36
9/14/2007,12.76
9/13/2007,13.65
9/12/2007,15.36
9/11/2007,16.39
9/10/2007,15.71
9/7/2007,15.57
9/6/2007,17.17
9/5/2007,17.4
9/4/2007,18.86
9/3/2007,18.46
8/31/2007,15.41
8/30/2007,16.73
8/29/2007,16.01
8/28/2007,13.2
8/27/2007,13
8/24/2007,13.59
8/23/2007,12.95
8/22/2007,12.9
8/21/2007,13.3
8/20/2007,14.63
8/17/2007,13.71
8/16/2007,13.71
8/15/2007,14.43
8/14/2007,15.75
8/13/2007,16.87
8/10/2007,17.05
8/9/2007,15.81
8/8/2007,15.04
8/7/2007,14.9
8/6/2007,15.46
8/3/2007,14.37
8/2/2007,14.41
8/1/2007,14.88
7/31/2007,15.4
7/30/2007,15.78
7/27/2007,14.3
7/26/2007,14.25
7/25/2007,14.32
7/24/2007,14.85
7/23/2007,15.33
7/20/2007,14.4
7/19/2007,14.38
7/18/2007,14.43
7/17/2007,14.67
7/16/2007,15.28
7/13/2007,14.45
7/12/2007,14.47
7/11/2007,14.44
7/10/2007,14.89
7/9/2007,15.18
7/6/2007,14.27
7/5/2007,14.25
7/4/2007,14.4
7/3/2007,14.88
7/2/2007,14.84
6/29/2007,14.24
6/28/2007,14.1
6/27/2007,14.57
6/26/2007,14.47
6/25/2007,13.55
6/22/2007,13.57
6/21/2007,13.46
6/20/2007,13.94
6/19/2007,14.42
6/18/2007,13.49
6/15/2007,13.5
6/14/2007,13.4
6/13/2007,13.89
6/12/2007,14.32
6/11/2007,13.45
6/8/2007,13.49
6/7/2007,13.77
6/6/2007,14.75
6/5/2007,15.29
6/4/2007,14.4
6/1/2007,14.38
5/31/2007,14.89
5/30/2007,15.19
5/29/2007,14.38
5/28/2007,14.9
5/25/2007,15.41
5/24/2007,15.39
5/23/2007,15.77
5/22/2007,16.33
5/21/2007,16.87
5/18/2007,16.11
5/17/2007,16.17
5/16/2007,16.52
5/15/2007,17.11
5/14/2007,17.6
5/11/2007,16.67
5/10/2007,16.82
5/9/2007,17.05
5/8/2007,17.53
5/7/2007,18.05
5/4/2007,17
5/3/2007,16.95
5/2/2007,17.04
5/1/2007,17.56
4/30/2007,17.66
4/27/2007,18.22
4/26/2007,17.07
4/25/2007,17.65
4/24/2007,18.11
4/23/2007,16.75
4/20/2007,16.41
4/19/2007,16.45
4/18/2007,17.04
4/17/2007,17.03
4/16/2007,16.45
4/13/2007,16.45
4/12/2007,16.38
4/11/2007,16.79
4/10/2007,17.37
4/9/2007,16.15
4/6/2007,16.22
4/5/2007,16.27
4/4/2007,16.14
4/3/2007,17.11
4/2/2007,16.05
3/30/2007,16.06
3/29/2007,16.02
3/28/2007,16.66
3/27/2007,17.12
3/26/2007,17.57
3/23/2007,16.5
3/22/2007,16.55
3/21/2007,16.52
3/20/2007,17.06
3/19/2007,17.54
3/16/2007,16.55
3/15/2007,16.45
3/14/2007,16.41
3/13/2007,16.9
3/12/2007,17.36
3/9/2007,16.38
3/8/2007,16.5
3/7/2007,17.44
3/6/2007,18.01
3/5/2007,18.65
3/2/2007,19.3
3/1/2007,17.37
2/28/2007,17.61
2/27/2007,18.33
2/26/2007,17.17
2/23/2007,16.17
2/22/2007,16.18
2/21/2007,16.48
2/20/2007,16.61
2/19/2007,16.71
2/16/2007,16.77
2/15/2007,16.77
2/14/2007,17.1
2/13/2007,17.06
2/12/2007,16.95
2/9/2007,17.07
2/8/2007,17.09
2/7/2007,17.09
2/6/2007,17.03
2/5/2007,17.02
2/2/2007,17.08
2/1/2007,17.1
1/31/2007,17.15
1/30/2007,17.08
1/29/2007,17.05
1/26/2007,17.54
1/25/2007,18.15
1/24/2007,18.79
1/23/2007,19.47
1/22/2007,19.92
1/19/2007,18.77
1/18/2007,18.78
1/17/2007,19.34
1/16/2007,19.95
1/15/2007,20.52
1/12/2007,18.76
1/11/2007,18.75
1/10/2007,18.84
1/9/2007,19.55
1/8/2007,20.08
1/5/2007,18.88
1/4/2007,19
1/3/2007,19.11
1/2/2007,19.35
1/1/2007,20.27
12/29/2006,20.22
12/28/2006,19
12/27/2006,19.97
12/26/2006,19.34
12/25/2006,19.33
12/22/2006,19.38
12/21/2006,20.08
12/20/2006,18.9
12/19/2006,19.5
12/18/2006,20.03
12/15/2006,18.85
12/14/2006,18.96
12/13/2006,19.65
12/12/2006,20.35
12/11/2006,20.82
12/8/2006,19.09
12/7/2006,19.33
12/6/2006,19.58
12/5/2006,20.3
12/4/2006,20.3
12/1/2006,19.82
11/30/2006,19.78
11/29/2006,20.63
11/28/2006,19.08
11/27/2006,19.71
11/24/2006,19.75
11/23/2006,19.5
11/22/2006,21.73
11/21/2006,21.63
11/20/2006,19.98
11/17/2006,20.06
11/16/2006,20.08
11/15/2006,20.97
11/14/2006,21.58
11/13/2006,20.45
11/10/2006,20.55
11/9/2006,20.61
11/8/2006,21.22
11/7/2006,21.97
11/6/2006,20.47
11/3/2006,20.46
11/2/2006,20.51
11/1/2006,21.2
10/31/2006,21.99
10/30/2006,20.41
10/27/2006,20.35
10/26/2006,20.9
10/25/2006,20.83
10/24/2006,21.42
10/23/2006,22.17
10/20/2006,20.92
10/19/2006,21.57
10/18/2006,20.84
10/17/2006,21.53
10/16/2006,22.26
10/13/2006,20.9
10/12/2006,20.98
10/11/2006,20.99
10/10/2006,21.75
10/9/2006,22.55
10/6/2006,21.2
10/5/2006,21.57
10/4/2006,21.52
10/3/2006,22.41
10/2/2006,23.4
9/29/2006,22.07
9/28/2006,22.27
9/27/2006,23.23
9/26/2006,23.31
9/25/2006,22.2
9/22/2006,22.31
9/21/2006,22.46
9/20/2006,23.27
9/19/2006,24
9/18/2006,22.8
9/15/2006,22.83
9/14/2006,22.99
9/13/2006,23.88
9/12/2006,24.66
9/11/2006,23.4
9/8/2006,23.4
9/7/2006,23.58
9/6/2006,25.3
9/5/2006,26.17
9/4/2006,23.81
9/1/2006,23.8
8/31/2006,23.78
8/30/2006,24.65
8/29/2006,23.03
8/28/2006,23.68
8/25/2006,24.36
8/24/2006,24.55
8/23/2006,24.38
8/22/2006,25.39
8/21/2006,25.76
8/18/2006,24.33
8/17/2006,24.46
8/16/2006,24.39
8/15/2006,25.12
8/14/2006,25.8
8/11/2006,24.29
8/10/2006,24.38
8/9/2006,24.53
8/8/2006,25.27
8/7/2006,26.59
8/4/2006,25.19
8/3/2006,25.54
8/2/2006,26.47
8/1/2006,27.68
7/31/2006,28.55
7/28/2006,25.74
7/27/2006,26.01
7/26/2006,26.17
7/25/2006,26.71
7/24/2006,27.58
7/21/2006,26.14
7/20/2006,26.16
7/19/2006,26.24
7/18/2006,26.97
7/17/2006,27.72
7/14/2006,26.42
7/13/2006,26.63
7/12/2006,26.77
7/11/2006,27.8
7/10/2006,28.56
7/7/2006,27.1
7/6/2006,26.9
7/5/2006,26.81
7/4/2006,27.84
7/3/2006,28.6
6/30/2006,28.46
6/29/2006,26.71
6/28/2006,26.46
6/27/2006,27.08
6/26/2006,25.46
6/23/2006,25.37
6/22/2006,25.66
6/21/2006,26.24
6/20/2006,26.91
6/19/2006,24.78
6/16/2006,25.12
6/15/2006,24.97
6/14/2006,25.39
6/13/2006,25.84
6/12/2006,24.31
6/9/2006,24.48
6/8/2006,24.46
6/7/2006,25.28
6/6/2006,26.27
6/5/2006,24.5
6/2/2006,24.68
6/1/2006,24.52
5/31/2006,25.47
5/30/2006,26.41
5/29/2006,24.5
5/26/2006,25.33
5/25/2006,25.39
5/24/2006,25.62
5/23/2006,26.58
5/22/2006,27.5
5/19/2006,25.9
5/18/2006,26.2
5/17/2006,26.27
5/16/2006,27.28
5/15/2006,28.08
5/12/2006,26.91
5/11/2006,26.71
5/10/2006,26.68
5/9/2006,27.48
5/8/2006,28.29
5/5/2006,26.6
5/4/2006,26.54
5/3/2006,26.28
5/2/2006,26.78
5/1/2006,27.29
4/28/2006,27.35
4/27/2006,25.41
4/26/2006,26.59
4/25/2006,26.33
4/24/2006,23.76
4/21/2006,23.6
4/20/2006,23.54
4/19/2006,24.23
4/18/2006,24.94
4/17/2006,22.95
4/14/2006,22.75
4/13/2006,22.83
4/12/2006,22.77
4/11/2006,24.06
4/10/2006,22.19
4/7/2006,22.13
4/6/2006,22.37
4/5/2006,22.93
4/4/2006,23.68
4/3/2006,21.89
3/31/2006,21.87
3/30/2006,21.95
3/29/2006,20.22
3/28/2006,21.03
3/27/2006,21.73
3/24/2006,22.47
3/23/2006,22.42
3/22/2006,22.51
3/21/2006,23.18
3/20/2006,23.93
3/17/2006,22.4
3/16/2006,22.28
3/15/2006,22.59
3/14/2006,23.11
3/13/2006,23.65
3/10/2006,24.24
3/9/2006,21.21
3/8/2006,21.08
3/7/2006,21.66
3/6/2006,22.53
3/3/2006,21.08
3/2/2006,21.02
3/1/2006,20.83
2/28/2006,21.55
2/27/2006,22.14
2/24/2006,20.81
2/23/2006,18.78
2/22/2006,18.93
2/21/2006,19.01
2/20/2006,19.14
2/17/2006,19.22
2/16/2006,19.18
2/15/2006,19.44
2/14/2006,19.52
2/13/2006,19.58
2/10/2006,20.1
2/9/2006,20.18
2/8/2006,20.2
2/7/2006,20.23
2/6/2006,20.2
2/3/2006,20.3
2/2/2006,20.42
2/1/2006,20.37
1/31/2006,20.5
1/30/2006,20.46
1/27/2006,20.43
1/26/2006,21.35
1/25/2006,21.38
1/24/2006,23.19
1/23/2006,23.91
1/20/2006,22.1
1/19/2006,21.97
1/18/2006,22.03
1/17/2006,23.07
1/16/2006,23.75
1/13/2006,21.63
1/12/2006,21.42
1/11/2006,21.22
1/10/2006,21.8
1/9/2006,22.46
1/6/2006,21.12
1/5/2006,20.95
1/4/2006,20.76
1/3/2006,20.5
1/2/2006,20.86
12/30/2005,19.64
12/29/2005,19.59
12/28/2005,20.25
12/27/2005,20.31
12/26/2005,20.8
12/23/2005,21.03
12/22/2005,19.65
12/21/2005,19.55
12/20/2005,20.21
12/19/2005,20.49
12/16/2005,19.87
12/15/2005,19.81
12/14/2005,20.47
12/13/2005,21.04
12/12/2005,21.73
12/9/2005,19.55
12/8/2005,19.62
12/7/2005,19.3
12/6/2005,20.03
12/5/2005,20.53
12/2/2005,19.02
12/1/2005,19.16
11/30/2005,20.02
11/29/2005,20.11
11/28/2005,18.51
11/25/2005,18.33
11/24/2005,18.23
11/23/2005,19.36
11/22/2005,19.53
11/21/2005,18.27
11/18/2005,18.46
11/17/2005,18.86
11/16/2005,19.38
11/15/2005,20.04
11/14/2005,18.61
11/11/2005,18.75
11/10/2005,18.68
11/9/2005,18.71
11/8/2005,19.94
11/7/2005,18.85
11/4/2005,18.89
11/3/2005,19.33
11/2/2005,19.88
11/1/2005,20.78
10/31/2005,19.39
10/28/2005,19.44
10/27/2005,19.54
10/26/2005,19.91
10/25/2005,20.67
10/24/2005,21.02
10/21/2005,19.6
10/20/2005,20.2
10/19/2005,19.27
10/18/2005,19.73
10/17/2005,20.4
10/14/2005,19.15
10/13/2005,18.89
10/12/2005,18.69
10/11/2005,19.09
10/10/2005,19.7
10/7/2005,20.42
10/6/2005,20.44
10/5/2005,17.89
10/4/2005,18.39
10/3/2005,18.97
9/30/2005,17.8
9/29/2005,17.57
9/28/2005,17.53
9/27/2005,18.06
9/26/2005,16.89
9/23/2005,16.83
9/22/2005,16.99
9/21/2005,17.63
9/20/2005,17.91
9/19/2005,16.81
9/16/2005,16.7
9/15/2005,16.76
9/14/2005,17.1
9/13/2005,17.62
9/12/2005,16.43
9/9/2005,16.51
9/8/2005,16.29
9/7/2005,17.17
9/6/2005,17.76
9/5/2005,16.13
9/2/2005,16.05
9/1/2005,16.19
8/31/2005,16.56
8/30/2005,16.84
8/29/2005,15.42
8/26/2005,16.3
8/25/2005,16.1
8/24/2005,15.85
8/23/2005,16.26
8/22/2005,16.7
8/19/2005,15.4
8/18/2005,15.33
8/17/2005,15.27
8/16/2005,15.74
8/15/2005,16.37
8/12/2005,15.36
8/11/2005,15.34
8/10/2005,15.19
8/9/2005,15.74
8/8/2005,16.24
8/5/2005,15.25
8/4/2005,15.2
8/3/2005,15.5
8/2/2005,15.7
8/1/2005,16.15
7/29/2005,14.51
7/28/2005,14.48
7/27/2005,15.09
7/26/2005,14.47
7/25/2005,14.86
7/22/2005,13.76
7/21/2005,13.88
7/20/2005,13.58
7/19/2005,13.87
7/18/2005,14.36
7/15/2005,13.27
7/14/2005,13.28
7/13/2005,13.01
7/12/2005,13.53
7/11/2005,13.72
7/8/2005,12.64
7/7/2005,12.61
7/6/2005,12.38
7/5/2005,12.77
7/4/2005,13.25
7/1/2005,12.4
6/30/2005,12.53
6/29/2005,12.52
6/28/2005,11.68
6/27/2005,12.05
6/24/2005,12.06
6/23/2005,11.94
6/22/2005,12.24
6/21/2005,12.53
6/20/2005,11.6
6/17/2005,11.6
6/16/2005,11.38
6/15/2005,11.57
6/14/2005,11.82
6/13/2005,10.95
6/10/2005,10.95
6/9/2005,10.94
6/8/2005,11.1
6/7/2005,11.53
6/6/2005,10.6
6/3/2005,10.51
6/2/2005,10.49
6/1/2005,10.8
5/31/2005,11.35
5/30/2005,10.07
5/27/2005,10.15
5/26/2005,10.09
5/25/2005,10.3
5/24/2005,10.58
5/23/2005,10.86
5/20/2005,10.1
5/19/2005,10.25
5/18/2005,10.28
5/17/2005,10.27
5/16/2005,10.72
5/13/2005,10.3
5/12/2005,10.43
5/11/2005,10.49
5/10/2005,10.88
5/9/2005,11.13
5/6/2005,10.49
5/5/2005,10.52
5/4/2005,10.53
5/3/2005,10.84
5/2/2005,11.25
4/29/2005,10.55
4/28/2005,10.56
4/27/2005,10.84
4/26/2005,11.05
4/25/2005,9.94
4/22/2005,9.89
4/21/2005,9.77
4/20/2005,9.89
4/19/2005,10.12
4/18/2005,9.28
4/15/2005,9.21
4/14/2005,9.08
4/13/2005,9.1
4/12/2005,9.52
4/11/2005,8.81
4/8/2005,8.73
4/7/2005,8.61
4/6/2005,8.64
4/5/2005,9.14
4/4/2005,8.16
4/1/2005,8.11
3/31/2005,8.07
3/30/2005,7.99
3/29/2005,7.57
3/28/2005,7.72
3/25/2005,7.66
3/24/2005,7.75
3/23/2005,7.84
3/22/2005,8.36
3/21/2005,8.63
3/18/2005,8.33
3/17/2005,8.32
3/16/2005,8.24
3/15/2005,8.08
3/14/2005,8.3
3/11/2005,7.85
3/10/2005,7.75
3/9/2005,7.59
3/8/2005,7.3
3/7/2005,7.55
3/4/2005,7.11
3/3/2005,6.98
3/2/2005,6.67
3/1/2005,6.9
2/28/2005,7.08
2/25/2005,6.43
2/24/2005,6.29
2/23/2005,6.2
2/22/2005,5.03
2/21/2005,4.86
2/18/2005,4.75
2/17/2005,4.74
2/16/2005,4.63
2/15/2005,4.52
2/14/2005,4.53
2/11/2005,4.54
2/10/2005,4.46
2/9/2005,4.46
2/8/2005,4.44
2/7/2005,4.43
2/4/2005,4.53
2/3/2005,4.47
2/2/2005,4.68
2/1/2005,4.71
1/31/2005,4.61
1/28/2005,4.56
1/27/2005,4.46
1/26/2005,4.61
1/25/2005,4.51
1/24/2005,4.6
1/21/2005,4.67
1/20/2005,4.28
1/19/2005,4.35
1/18/2005,4.27
1/17/2005,4.31
1/14/2005,3.8
1/13/2005,4.23
1/12/2005,3.91
1/11/2005,3.49
1/10/2005,3.48
1/7/2005,3.16
1/6/2005,3.26
1/5/2005,3.13
1/4/2005,2.96
1/3/2005,3.03
12/31/2004,2.84
12/30/2004,2.86
12/29/2004,2.66
12/28/2004,2.45
12/27/2004,2.45
12/24/2004,2.27
12/23/2004,2.31
12/22/2004,2.21
12/21/2004,2.41
12/20/2004,2.39
12/17/2004,2.35
12/16/2004,2.46
12/15/2004,2.35
12/14/2004,2.33
12/13/2004,2.42
12/10/2004,2.21
12/9/2004,2.35
12/8/2004,2.24
12/7/2004,2.05
12/6/2004,1.96
12/3/2004,1.85
12/2/2004,1.78
12/1/2004,1.54
11/30/2004,1.48
11/29/2004,1.29
11/26/2004,0.96
11/25/2004,0.74
11/24/2004,0.52
11/23/2004,0.46
11/22/2004,0.34
11/19/2004,0.18
11/18/2004,0.14
11/17/2004,-0.3
11/16/2004,-0.11
11/15/2004,-0.28
11/12/2004,-0.21
11/11/2004,-0.22
11/10/2004,-0.28
11/9/2004,-0.33
11/8/2004,-0.36
11/5/2004,-0.44
11/4/2004,-0.6
11/3/2004,-0.9
11/2/2004,-0.86
11/1/2004,-1.09
10/29/2004,-1.23
10/28/2004,-1.28
10/27/2004,-1.89
10/26/2004,-1.74
10/25/2004,-1.93
10/22/2004,-1.91
10/21/2004,-1.98
10/20/2004,-2
10/19/2004,-2.38
10/18/2004,-2.32
10/15/2004,-2.44
10/14/2004,-2.45
10/13/2004,-2.61
10/12/2004,-2.74
10/11/2004,-2.75
10/8/2004,-2.84
10/7/2004,-2.78
10/6/2004,-2.77
10/5/2004,-3.01
10/4/2004,-2.94
10/1/2004,-2.84
9/30/2004,-2.85
9/29/2004,-2.83
9/28/2004,-2.68
9/27/2004,-2.83
9/24/2004,-2.81
9/23/2004,-2.81
9/22/2004,-2.9
9/21/2004,-3.02
9/20/2004,-2.98
9/17/2004,-3.24
9/16/2004,-2.98
9/15/2004,-3.34
9/14/2004,-3.53
9/13/2004,-3.58
9/10/2004,-3.6
9/9/2004,-3.6
9/8/2004,-3.99
9/7/2004,-4.15
9/6/2004,-4.13
9/3/2004,-4.2
9/2/2004,-4.25
9/1/2004,-4.64
8/31/2004,-4.83
8/30/2004,-4.76
8/27/2004,-4.66
8/26/2004,-4.92
8/25/2004,-5.04
8/24/2004,-5.31
8/23/2004,-5.49
8/20/2004,-5.46
8/19/2004,-5.48
8/18/2004,-5.65
8/17/2004,-5.55
8/16/2004,-5.9
8/13/2004,-5.62
8/12/2004,-5.58
8/11/2004,-5.56
8/10/2004,-5.8
8/9/2004,-5.92
8/6/2004,-5.78
8/5/2004,-5.5
8/4/2004,-6.07
8/3/2004,-6.07
8/2/2004,-6.52
7/30/2004,-6.05
7/29/2004,-6.03
7/28/2004,-6.63
7/27/2004,-6.74
7/26/2004,-7.03
7/23/2004,-6.74
7/22/2004,-6.93
7/21/2004,-7.13
7/20/2004,-7.45
7/19/2004,-7.96
7/16/2004,-7.48
7/15/2004,-7.38
7/14/2004,-7.72
7/13/2004,-7.97
7/12/2004,-8.28
7/9/2004,-8.01
7/8/2004,-7.95
7/7/2004,-7.94
7/6/2004,-8.06
7/5/2004,-8.49
7/2/2004,-7.99
7/1/2004,-7.85
6/30/2004,-7.71
6/29/2004,-7.89
6/28/2004,-7.5
6/25/2004,-7.75
6/24/2004,-7.7
6/23/2004,-8.27
6/22/2004,-8.6
6/21/2004,-8.16
6/18/2004,-8.23
6/17/2004,-8.27
6/16/2004,-8.78
6/15/2004,-9.12
6/14/2004,-8.66
6/11/2004,-8.54
6/10/2004,-8.73
6/9/2004,-9.37
6/8/2004,-9.96
6/7/2004,-9.95
6/4/2004,-9.53
6/3/2004,-9.76
6/2/2004,-10.46
6/1/2004,-10.77
5/31/2004,-10.06
5/28/2004,-10.1
5/27/2004,-10.16
5/26/2004,-11.1
5/25/2004,-11.08
5/24/2004,-10.64
5/21/2004,-10.38
5/20/2004,-10.32
5/19/2004,-10.38
5/18/2004,-10.61
5/17/2004,-11.01
5/14/2004,-10.21
5/13/2004,-10.18
5/12/2004,-10.18
5/11/2004,-10.36
5/10/2004,-10.53
5/7/2004,-10.14
5/6/2004,-10.39
5/5/2004,-10.47
5/4/2004,-10.37
5/3/2004,-10.67
4/30/2004,-10.17
4/29/2004,-10.16
4/28/2004,-9.69
4/27/2004,-9.59
4/26/2004,-9.82
4/23/2004,-9.82
4/22/2004,-9.8
4/21/2004,-10.11
4/20/2004,-10.28
4/19/2004,-9.98
4/16/2004,-9.96
4/15/2004,-9.92
4/14/2004,-10.23
4/13/2004,-10.61
4/12/2004,-10.25
4/9/2004,-10.11
4/8/2004,-10.08
4/7/2004,-10.13
4/6/2004,-10.7
4/5/2004,-10.13
4/2/2004,-10.18
4/1/2004,-10.34
3/31/2004,-9.93
3/30/2004,-10.18
3/29/2004,-9.83
3/26/2004,-9.96
3/25/2004,-10.06
3/24/2004,-10.28
3/23/2004,-10.87
3/22/2004,-11.17
3/19/2004,-10.59
3/18/2004,-10.58
3/17/2004,-10.51
3/16/2004,-10.95
3/15/2004,-11.2
3/12/2004,-10.78
3/11/2004,-10.67
3/10/2004,-11
3/9/2004,-11.22
3/8/2004,-11.68
3/5/2004,-11.8
3/4/2004,-11.9
3/3/2004,-10.41
3/2/2004,-10.85
3/1/2004,-11.15
2/27/2004,-10.66
2/26/2004,-10.65
2/25/2004,-11.23
2/24/2004,-10.35
2/23/2004,-10.32
2/20/2004,-10.21
2/19/2004,-10.26
2/18/2004,-10.98
2/17/2004,-10.41
2/16/2004,-10.35
2/13/2004,-10.38
2/12/2004,-10.46
2/11/2004,-10.48
2/10/2004,-10.27
2/9/2004,-10.32
2/6/2004,-10.3
2/5/2004,-10.19
2/4/2004,-10.66
2/3/2004,-10.61
2/2/2004,-10.24
1/30/2004,-10.33
1/29/2004,-10.2
1/28/2004,-10.24
1/27/2004,-10.44
1/26/2004,-10.63
1/23/2004,-11.08
1/22/2004,-11.14
1/21/2004,-11.14
1/20/2004,-10.93
1/19/2004,-11.54
1/16/2004,-10.86
1/15/2004,-10.93
1/14/2004,-11.23
1/13/2004,-11.53
1/12/2004,-12.26
1/9/2004,-12.38
1/8/2004,-11.2
1/7/2004,-11.06
1/6/2004,-11.35
1/5/2004,-11.56
1/2/2004,-11.55
1/1/2004,-10.91
12/31/2003,-10.88
12/30/2003,-10.91
12/29/2003,-10.95
12/26/2003,-10.85
12/25/2003,-11.1
12/24/2003,-11.1
12/23/2003,-11.05
12/22/2003,-11.38
12/19/2003,-10.86
12/18/2003,-10.8
12/17/2003,-11.02
12/16/2003,-11.52
12/15/2003,-11.97
12/12/2003,-11.85
12/11/2003,-10.82
12/10/2003,-10.75
12/9/2003,-10.62
12/8/2003,-11.25
12/5/2003,-10.66
12/4/2003,-10.47
12/3/2003,-10.66
12/2/2003,-10.81
12/1/2003,-11.19
11/28/2003,-10.69
11/27/2003,-10.5
11/26/2003,-11.3
11/25/2003,-11.1
11/24/2003,-10.87
11/21/2003,-11.3
11/20/2003,-11.3
11/19/2003,-10.01
11/18/2003,-10.3
11/17/2003,-10.48
11/14/2003,-9.7
11/13/2003,-9.69
11/12/2003,-10.05
11/11/2003,-10.28
11/10/2003,-9.65
11/7/2003,-9.76
11/6/2003,-9.7
11/5/2003,-10.04
11/4/2003,-10.41
11/3/2003,-9.73
10/31/2003,-9.89
10/30/2003,-9.92
10/29/2003,-9.85
10/28/2003,-9.58
10/27/2003,-9.97
10/24/2003,-10.2
10/23/2003,-10.69
10/22/2003,-10.49
10/21/2003,-10.47
10/20/2003,-10.45
10/17/2003,-10.1
10/16/2003,-10.12
10/15/2003,-10.22
10/14/2003,-10.57
10/13/2003,-10.94
10/10/2003,-10.37
10/9/2003,-10.29
10/8/2003,-10.38
10/7/2003,-10.43
10/6/2003,-10.87
10/3/2003,-10.16
10/2/2003,-10.16
10/1/2003,-10.13
9/30/2003,-10.41
9/29/2003,-10.7
9/26/2003,-10.07
9/25/2003,-9.91
9/24/2003,-10.15
9/23/2003,-10.15
9/22/2003,-10.5
9/19/2003,-9.77
9/18/2003,-9.66
9/17/2003,-9.65
9/16/2003,-10.34
9/15/2003,-9.78
9/12/2003,-9.79
9/11/2003,-9.73
9/10/2003,-10
9/9/2003,-10.3
9/8/2003,-9.64
9/5/2003,-9.56
9/4/2003,-9.47
9/3/2003,-9.81
9/2/2003,-9.92
9/1/2003,-9.44
8/29/2003,-9.52
8/28/2003,-9.45
8/27/2003,-10.17
8/26/2003,-10.04
8/25/2003,-10.47
8/22/2003,-9.84
8/21/2003,-9.83
8/20/2003,-9.99
8/19/2003,-10.25
8/18/2003,-10.39
8/15/2003,-10.02
8/14/2003,-10.02
8/13/2003,-10.04
8/12/2003,-10.19
8/11/2003,-10.57
8/8/2003,-10.1
8/7/2003,-10.1
8/6/2003,-10.16
8/5/2003,-10.51
8/4/2003,-10.81
8/1/2003,-10.05
7/31/2003,-10.06
7/30/2003,-10.48
7/29/2003,-9.59
7/28/2003,-9.99
7/25/2003,-10.32
7/24/2003,-10.36
7/23/2003,-10.35
7/22/2003,-10.49
7/21/2003,-10.91
7/18/2003,-10.14
7/17/2003,-10.2
7/16/2003,-10.2
7/15/2003,-10.45
7/14/2003,-10.55
7/11/2003,-10.18
7/10/2003,-10.18
7/9/2003,-10.15
7/8/2003,-10.43
7/7/2003,-10.6
7/4/2003,-10.39
7/3/2003,-10.33
7/2/2003,-10.36
7/1/2003,-10.59
6/30/2003,-10.55
6/27/2003,-10.3
6/26/2003,-10.31
6/25/2003,-10.5
6/24/2003,-12.17
6/23/2003,-12.3
6/20/2003,-11.34
6/19/2003,-11.61
6/18/2003,-11.18
6/17/2003,-11.65
6/16/2003,-11.07
6/13/2003,-10.76
6/12/2003,-10.35
6/11/2003,-10.34
6/10/2003,-10
6/9/2003,-9.9
6/6/2003,-8.98
6/5/2003,-9.15
6/4/2003,-8.85
6/3/2003,-9.8
6/2/2003,-11
5/30/2003,-10.35
5/29/2003,-10.55
5/28/2003,-10.55
5/27/2003,-11.1
5/26/2003,-12.25
5/23/2003,-11.65
5/22/2003,-11.75
5/21/2003,-12.45
5/20/2003,-12.7
5/19/2003,-12.98
5/16/2003,-12.38
5/15/2003,-12.45
5/14/2003,-12.88
5/13/2003,-12.65
5/12/2003,-13.1
5/9/2003,-12.7
5/8/2003,-12.65
5/7/2003,-12.1
5/6/2003,-12.6
5/5/2003,-12.75
5/2/2003,-12.4
5/1/2003,-12.43
4/30/2003,-12.2
4/29/2003,-12.2
4/28/2003,-12.15
4/25/2003,-11.8
4/24/2003,-11.77
4/23/2003,-12.5
4/22/2003,-12.5
4/21/2003,-12.15
4/18/2003,-11.75
4/17/2003,-11.7
4/16/2003,-11.65
4/15/2003,-11.5
4/14/2003,-11.57
4/11/2003,-11.6
4/10/2003,-11.75
4/9/2003,-12.07
4/8/2003,-12.38
4/7/2003,-11.5
4/4/2003,-11.69
4/3/2003,-11.7
4/2/2003,-11.25
4/1/2003,-11.8
3/31/2003,-12.45
3/28/2003,-11.95
3/27/2003,-11.85
3/26/2003,-11.43
3/25/2003,-11.7
3/24/2003,-12
3/21/2003,-11.48
3/20/2003,-11.7
3/19/2003,-11.85
3/18/2003,-12.68
3/17/2003,-13.7
3/14/2003,-14.23
3/13/2003,-14.38
3/12/2003,-13.3
3/11/2003,-13.45
3/10/2003,-14.05
3/7/2003,-13.4
3/6/2003,-12.8
3/5/2003,-11.35
3/4/2003,-11.88
3/3/2003,-12.25
2/28/2003,-12.27
2/27/2003,-12.5
2/26/2003,-12.23
2/25/2003,-12.53
2/24/2003,-11.78
2/21/2003,-12.55
2/20/2003,-12.45
2/19/2003,-12.3
2/18/2003,-12.45
2/17/2003,-12.5
2/14/2003,-12.54
2/13/2003,-12.6
2/12/2003,-12.6
2/11/2003,-12.67
2/10/2003,-12.8
2/7/2003,-12.83
2/6/2003,-12.83
2/5/2003,-13.11
2/4/2003,-12.68
2/3/2003,-12.75
1/31/2003,-12.88
1/30/2003,-12.8
1/29/2003,-12.95
1/28/2003,-12.85
1/27/2003,-13.35
1/24/2003,-14.25
1/23/2003,-13.78
1/22/2003,-14.23
1/21/2003,-14.1
1/20/2003,-14.7
1/17/2003,-14.31
1/16/2003,-14.05
1/15/2003,-14.05
1/14/2003,-14.47
1/13/2003,-14.85
1/10/2003,-13.92
1/9/2003,-13.84
1/8/2003,-14.2
1/7/2003,-13.75
1/6/2003,-14.25
1/3/2003,-13.8
1/2/2003,-13.82
1/1/2003,-13.85
12/31/2002,-13.9
12/30/2002,-13.8
12/27/2002,-14.3
12/26/2002,-14
12/25/2002,-14.05
12/24/2002,-14.05
12/23/2002,-13.93
12/20/2002,-14.15
12/19/2002,-14
12/18/2002,-14.05
12/17/2002,-14.45
12/16/2002,-14.7
12/13/2002,-13.8
12/12/2002,-13.6
12/11/2002,-13.45
12/10/2002,-13.3
12/9/2002,-13.75
12/6/2002,-12.98
12/5/2002,-13.15
12/4/2002,-13.8
12/3/2002,-13.53
12/2/2002,-14.85
11/29/2002,-14.7
11/28/2002,-14.95
11/27/2002,-15.1
11/26/2002,-15.67
11/25/2002,-16.1
11/22/2002,-15.55
11/21/2002,-15.5
11/20/2002,-16.25
11/19/2002,-16.55
11/18/2002,-16.65
11/15/2002,-15.7
11/14/2002,-15.7
11/13/2002,-15.95
11/12/2002,-16.6
11/11/2002,-17.4
11/8/2002,-16.4
11/7/2002,-16.3
11/6/2002,-13.98
11/5/2002,-14
11/4/2002,-14.25
11/1/2002,-13.4
10/31/2002,-13.23
10/30/2002,-13.28
10/29/2002,-13.3
10/28/2002,-12.05
10/25/2002,-12.65
10/24/2002,-12.23
10/23/2002,-12.7
10/22/2002,-12.35
10/21/2002,-12.8
10/18/2002,-12.4
10/17/2002,-12.65
10/16/2002,-12.85
10/15/2002,-12.85
10/14/2002,-13.35
10/11/2002,-12.88
10/10/2002,-12.9
10/9/2002,-12.65
10/8/2002,-13.05
10/7/2002,-13.25
10/4/2002,-12.45
10/3/2002,-12.65
10/2/2002,-12.73
10/1/2002,-13.3
9/30/2002,-13.3
9/27/2002,-12.68
9/26/2002,-12.63
9/25/2002,-12.7
9/24/2002,-12.9
9/23/2002,-13.25
9/20/2002,-12.4
9/19/2002,-12.35
9/18/2002,-12.25
9/17/2002,-12.55
9/16/2002,-13.05
9/13/2002,-12.45
9/12/2002,-12.5
9/11/2002,-12.25
9/10/2002,-13.05
9/9/2002,-13.55
9/6/2002,-12.5
9/5/2002,-12.5
9/4/2002,-12.6
9/3/2002,-13.05
9/2/2002,-13.25
8/30/2002,-12.45
8/29/2002,-12.4
8/28/2002,-12.4
8/27/2002,-12.95
8/26/2002,-13.3
8/23/2002,-12.5
8/22/2002,-12.5
8/21/2002,-12.9
8/20/2002,-12.9
8/19/2002,-13.53
8/16/2002,-12.96
8/15/2002,-13
8/14/2002,-13
8/13/2002,-13.05
8/12/2002,-13.55
8/9/2002,-13.5
8/8/2002,-13.5
8/7/2002,-13.3
8/6/2002,-13.15
8/5/2002,-13.93
8/2/2002,-13.2
8/1/2002,-13.5
7/31/2002,-12.95
7/30/2002,-13.45
7/29/2002,-13.75
7/26/2002,-13.3
7/25/2002,-13.45
7/24/2002,-13.35
7/23/2002,-13.3
7/22/2002,-13.95
7/19/2002,-13.4
7/18/2002,-13.27
7/17/2002,-13.3
7/16/2002,-13.45
7/15/2002,-13.75
7/12/2002,-13.5
7/11/2002,-13.5
7/10/2002,-13.5
7/9/2002,-13.2
7/8/2002,-13.55
7/5/2002,-12.5
7/4/2002,-13.15
7/3/2002,-13.5
7/2/2002,-13.5
7/1/2002,-13.55
6/28/2002,-13.3
6/27/2002,-13.25
6/26/2002,-13.55
6/25/2002,-14
6/24/2002,-13.6
6/21/2002,-12.5
6/20/2002,-12.6
6/19/2002,-12.6
6/18/2002,-12.8
6/17/2002,-13.05
6/14/2002,-12.5
6/13/2002,-12.5
6/12/2002,-12.3
6/11/2002,-12.6
6/10/2002,-13
6/7/2002,-12.23
6/6/2002,-12.5
6/5/2002,-12.2
6/4/2002,-12.6
6/3/2002,-12.95
5/31/2002,-12.5
5/30/2002,-12.55
5/29/2002,-12.05
5/28/2002,-11.4
5/27/2002,-11.55
5/24/2002,-12.4
5/23/2002,-12.45
5/22/2002,-12.5
5/21/2002,-12.4
5/20/2002,-13.1
5/17/2002,-12.5
5/16/2002,-12.35
5/15/2002,-12.15
5/14/2002,-12.15
5/13/2002,-12.45
5/10/2002,-12.5
5/9/2002,-11.95
5/8/2002,-11.5
5/7/2002,-12
5/6/2002,-12.35
5/3/2002,-11.95
5/2/2002,-11.5
5/1/2002,-11.7
4/30/2002,-11.5
4/29/2002,-11.65
4/26/2002,-11.5
4/25/2002,-11.55
4/24/2002,-11.25
4/23/2002,-11.85
4/22/2002,-12.25
4/19/2002,-11.5
4/18/2002,-11.5
4/17/2002,-10.95
4/16/2002,-11.3
4/15/2002,-11.6
4/12/2002,-10.5
4/11/2002,-11
4/10/2002,-10.95
4/9/2002,-11.25
4/8/2002,-11.6
4/5/2002,-11.5
4/4/2002,-10.5
4/3/2002,-11.1
4/2/2002,-11.4
4/1/2002,-11.75
3/29/2002,-10.5
3/28/2002,-10.5
3/27/2002,-10.5
3/26/2002,-10.95
3/25/2002,-12
3/22/2002,-11.5
3/21/2002,-11.1
3/20/2002,-11.5
3/19/2002,-11.05
3/18/2002,-11.3
3/15/2002,-10.5
3/14/2002,-11.08
3/13/2002,-11.05
3/12/2002,-10.95
3/11/2002,-11.3
3/8/2002,-11.5
3/7/2002,-11.05
3/6/2002,-11.5
3/5/2002,-11.1
3/4/2002,-11.35
3/1/2002,-11.5
2/28/2002,-11.5
2/27/2002,-11.15
2/26/2002,-11.48
2/25/2002,-10.5
2/22/2002,-10.1
2/21/2002,-10.1
2/20/2002,-10.15
2/19/2002,-10.15
2/18/2002,-10.15
2/15/2002,-10.5
2/14/2002,-10.5
2/13/2002,-10.15
2/12/2002,-10.3
2/11/2002,-10.2
2/8/2002,-10.25
2/7/2002,-10.5
2/6/2002,-10.5
2/5/2002,-10.5
2/4/2002,-10.1
2/1/2002,-10.5
1/31/2002,-10.1
1/30/2002,-10.15
1/29/2002,-10.35
1/28/2002,-10.3
1/25/2002,-11.15
1/24/2002,-11.5
1/23/2002,-12.2
1/22/2002,-12.6
1/21/2002,-12.6
1/18/2002,-12.4
1/17/2002,-12.35
1/16/2002,-12.55
1/15/2002,-13.3
1/14/2002,-13.65
1/11/2002,-12.7
1/10/2002,-12.15
1/9/2002,-12.5
1/8/2002,-12.05
1/7/2002,-11.85
1/4/2002,-11.5
1/3/2002,-11.75
1/2/2002,-11.3
1/1/2002,-11
12/31/2001,-11.3
12/28/2001,-11.25
12/27/2001,-11.23
12/26/2001,-11.5
12/25/2001,-12.5
12/24/2001,-12.5
12/21/2001,-11.5
12/20/2001,-11.65
12/19/2001,-11.55
12/18/2001,-11.95
12/17/2001,-12.25
12/14/2001,-11.55
12/13/2001,-11.5
12/12/2001,-11.4
12/11/2001,-11.7
12/10/2001,-12.03
12/7/2001,-11.5
12/6/2001,-10.5
12/5/2001,-10.8
12/4/2001,-10.8
12/3/2001,-10.8
11/30/2001,-10.23
11/29/2001,-10.05
11/28/2001,-9.25
11/27/2001,-9.2
11/26/2001,-9.05
11/23/2001,-9.1
11/22/2001,-9.3
11/21/2001,-10.55
11/20/2001,-9.8
11/19/2001,-9.35
11/16/2001,-9.15
11/15/2001,-9.3
11/14/2001,-9.48
11/13/2001,-10.05
11/12/2001,-10.65
11/9/2001,-9.5
11/8/2001,-10.25
11/7/2001,-10.13
11/6/2001,-11.35
11/5/2001,-11.5
11/2/2001,-10.7
11/1/2001,-10.5
10/31/2001,-9.9
10/30/2001,-10.85
10/29/2001,-10.85
10/26/2001,-10.5
10/25/2001,-10.75
10/24/2001,-9.5
10/23/2001,-9.95
10/22/2001,-10.3
10/19/2001,-10.5
10/18/2001,-10.25
10/17/2001,-10.9
10/16/2001,-10.53
10/15/2001,-10.4
10/12/2001,-10
10/11/2001,-10.05
10/10/2001,-10.1
10/9/2001,-10.6
10/8/2001,-10.5
10/5/2001,-8.7
10/4/2001,-8.6
10/3/2001,-8.8
10/2/2001,-9.1
10/1/2001,-9
9/28/2001,-8.6
9/27/2001,-8.5
9/26/2001,-8.6
9/25/2001,-8.9
9/24/2001,-8.05
9/21/2001,-8.15
9/20/2001,-8.65
9/19/2001,-8.9
9/18/2001,-6.8
9/17/2001,-5.8
9/14/2001,-5.5
9/13/2001,-5.7
9/12/2001,-6.5
9/11/2001,-6.5
9/10/2001,-6.25
9/7/2001,-6.25
9/6/2001,-5.5
9/5/2001,-5.6
9/4/2001,-5.95
9/3/2001,-6.2
8/31/2001,-5.65
8/30/2001,-5.65
8/29/2001,-6
8/28/2001,-5.55
8/27/2001,-6.15
8/24/2001,-6.5
8/23/2001,-6.5
8/22/2001,-6.5
8/21/2001,-6.8
8/20/2001,-7.3
8/17/2001,-7.5
8/16/2001,-7.15
8/15/2001,-6.98
8/14/2001,-6.95
8/13/2001,-7.13
8/10/2001,-6.95
8/9/2001,-6.95
8/8/2001,-6.55
8/7/2001,-6.45
8/6/2001,-6.51
8/3/2001,-6.45
8/2/2001,-6.5
8/1/2001,-5.95
7/31/2001,-5.95
7/30/2001,-6.1
7/27/2001,-5.55
7/26/2001,-5.7
7/25/2001,-5.65
7/24/2001,-5.58
7/23/2001,-5.7
7/20/2001,-5.65
7/19/2001,-5.55
7/18/2001,-5.45
7/17/2001,-5.35
7/16/2001,-5.75
7/13/2001,-5.4
7/12/2001,-5.5
7/11/2001,-5.05
7/10/2001,-5.55
7/9/2001,-5.75
7/6/2001,-5.35
7/5/2001,-5.4
7/4/2001,-5.1
7/3/2001,-5.05
7/2/2001,-4.85
6/29/2001,-4.9
6/28/2001,-4.45
6/27/2001,-4.75
6/26/2001,-6
6/25/2001,-6.15
6/22/2001,-5.75
6/21/2001,-5.55
6/20/2001,-5.45
6/19/2001,-5.45
6/18/2001,-5.55
6/15/2001,-4.5
6/14/2001,-4.55
6/13/2001,-4.45
6/12/2001,-4.5
6/11/2001,-4.3
6/8/2001,-4.05
6/7/2001,-3.95
6/6/2001,-3.65
6/5/2001,-3.55
6/4/2001,-3.55
6/1/2001,-3.65
5/31/2001,-4
5/30/2001,-3.78
5/29/2001,-3.5
5/28/2001,-3.9
5/25/2001,-4.05
5/24/2001,-3.95
5/23/2001,-4.05
5/22/2001,-3.95
5/21/2001,-4
5/18/2001,-3.8
5/17/2001,-3.8
5/16/2001,-3.9
5/15/2001,-4.15
5/14/2001,-3.9
5/11/2001,-3.4
5/10/2001,-3.65
5/9/2001,-4.85
5/8/2001,-5.2
5/7/2001,-5.25
5/4/2001,-5.5
5/3/2001,-4
5/2/2001,-3.6
5/1/2001,-3.35
4/30/2001,-3.45
4/27/2001,-2.75
4/26/2001,-2.9
4/25/2001,-2.8
4/24/2001,-2.8
4/23/2001,-2.85
4/20/2001,-2.4
4/19/2001,-2.25
4/18/2001,-1.25
4/17/2001,0.85
4/16/2001,0.75
4/13/2001,0.75
4/12/2001,0.9
4/11/2001,1.1
4/10/2001,2.5
4/9/2001,2.5
4/6/2001,2
4/5/2001,2
4/4/2001,2.5
4/3/2001,2.4
4/2/2001,2.5
3/30/2001,1.9
3/29/2001,2.5
3/28/2001,3.1
3/27/2001,3.38
3/26/2001,3.25
3/23/2001,3.5
3/22/2001,2.65
3/21/2001,2
3/20/2001,1.85
3/19/2001,1.23
3/16/2001,1.1
3/15/2001,1.7
3/14/2001,2.5
3/13/2001,2.5
3/12/2001,2.98
3/9/2001,3.05
3/8/2001,2.75
3/7/2001,3.1
3/6/2001,3.55
3/5/2001,3.55
3/2/2001,3.65
3/1/2001,3.85
2/28/2001,3.5
2/27/2001,3.15
2/26/2001,3.55
2/23/2001,3.7
2/22/2001,4.43
2/21/2001,4.5
2/20/2001,5.2
2/19/2001,5.03
2/16/2001,5.5
2/15/2001,5.35
2/14/2001,5.51
2/13/2001,5.61
2/12/2001,5.65
2/9/2001,5.6
2/8/2001,5.5
2/7/2001,5.61
2/6/2001,5.5
2/5/2001,5.78
2/2/2001,5.5
2/1/2001,5.5
1/31/2001,5.91
1/30/2001,5.61
1/29/2001,5.61
1/26/2001,5.9
1/25/2001,6.45
1/24/2001,6.75
1/23/2001,7.55
1/22/2001,7.41
1/19/2001,7.45
1/18/2001,7.5
1/17/2001,8.11
1/16/2001,8.5
1/15/2001,9.01
1/12/2001,8.5
1/11/2001,8.5
1/10/2001,8.15
1/9/2001,8.6
1/8/2001,8.85
1/5/2001,9.05
1/4/2001,9.6
1/3/2001,9.75
1/2/2001,13.33
1/1/2001,13.58
12/29/2000,14
12/28/2000,13.95
12/27/2000,13.2
12/26/2000,14.45
12/25/2000,14.5
12/22/2000,14.5
12/21/2000,14
12/20/2000,13.5
12/19/2000,13.1
12/18/2000,14.5
12/15/2000,13.5
12/14/2000,12.5
12/13/2000,13.5
12/12/2000,13.5
12/11/2000,13.45
12/8/2000,12.95
12/7/2000,13.1
12/6/2000,13.5
12/5/2000,13.13
12/4/2000,13.7
12/1/2000,13.18
11/30/2000,12.85
11/29/2000,13.18
11/28/2000,13.5
11/27/2000,11.85
11/24/2000,11.5
11/23/2000,11.68
11/22/2000,11.65
11/21/2000,12.5
11/20/2000,11.85
11/17/2000,11.9
11/16/2000,12.1
11/15/2000,12.4
11/14/2000,12.83
11/13/2000,12.6
11/10/2000,11.85
11/9/2000,11.55
11/8/2000,12.03
11/7/2000,12.2
11/6/2000,12.4
11/3/2000,11.7
11/2/2000,11.85
11/1/2000,11.98
10/31/2000,12.1
10/30/2000,12.25
10/27/2000,11.58
10/26/2000,11.23
10/25/2000,11.63
10/24/2000,11.85
10/23/2000,12.2
10/20/2000,12.05
10/19/2000,12.68
10/18/2000,12.7
10/17/2000,12.75
10/16/2000,13.1
10/13/2000,13
10/12/2000,13.1
10/11/2000,13.05
10/10/2000,13.6
10/9/2000,13.5
10/6/2000,12.5
10/5/2000,12.85
10/4/2000,13.45
10/3/2000,13.55
10/2/2000,14.05
9/29/2000,13.7
9/28/2000,13.6
9/27/2000,13.7
9/26/2000,14.15
9/25/2000,14.08
9/22/2000,13.65
9/21/2000,13.35
9/20/2000,13.25
9/19/2000,14.35
9/18/2000,14.3
9/15/2000,13.75
9/14/2000,13.5
9/13/2000,14.15
9/12/2000,14.15
9/11/2000,14.3
9/8/2000,13.45
9/7/2000,13.7
9/6/2000,13.65
9/5/2000,15
9/4/2000,15.78
9/1/2000,14.5
8/31/2000,14.05
8/30/2000,13.45
8/29/2000,13.95
8/28/2000,13
8/25/2000,13.45
8/24/2000,14.35
8/23/2000,14.95
8/22/2000,15.1
8/21/2000,15.28
8/18/2000,15.18
8/17/2000,15.35
8/16/2000,15.3
8/15/2000,16.08
8/14/2000,16.63
8/11/2000,15.4
8/10/2000,16.8
8/9/2000,16.75
8/8/2000,17.5
8/7/2000,16.85
8/4/2000,17
8/3/2000,16.5
8/2/2000,17.5
8/1/2000,18.15
7/31/2000,19.13
7/28/2000,17.4
7/27/2000,17.53
7/26/2000,17.7
7/25/2000,18.18
7/24/2000,18.03
7/21/2000,17.5
7/20/2000,17.3
7/19/2000,17.05
7/18/2000,17.25
7/17/2000,18.2
7/14/2000,17.53
7/13/2000,17.75
7/12/2000,17.73
7/11/2000,17.95
7/10/2000,18.85
7/7/2000,17.93
7/6/2000,18
7/5/2000,18.05
7/4/2000,19.5
7/3/2000,19.1
6/30/2000,19.58
6/29/2000,19.25
6/28/2000,17.85
6/27/2000,18.35
6/26/2000,18.5
6/23/2000,17.4
6/22/2000,17.25
6/21/2000,18.05
6/20/2000,18.45
6/19/2000,18.13
6/16/2000,18.28
6/15/2000,18.1
6/14/2000,18.5
6/13/2000,18.98
6/12/2000,17.64
6/9/2000,17.9
6/8/2000,17.85
6/7/2000,19.95
6/6/2000,19.95
6/5/2000,18.05
6/2/2000,18.4
6/1/2000,18.3
5/31/2000,18.48
5/30/2000,20.05
5/29/2000,18.85
5/26/2000,19.55
5/25/2000,18.95
5/24/2000,18.75
5/23/2000,19
5/22/2000,18.75
5/19/2000,18.5
5/18/2000,18.25
5/17/2000,17.9
5/16/2000,17.75
5/15/2000,19.75
5/12/2000,19.35
5/11/2000,18.9
5/10/2000,18.95
5/9/2000,19.05
5/8/2000,18.65
5/5/2000,18.05
5/4/2000,17.8
5/3/2000,18.15
5/2/2000,18.35
5/1/2000,18.75
4/28/2000,19.9
4/27/2000,19.53
4/26/2000,19.43
4/25/2000,18.9
4/24/2000,17.65
4/21/2000,17.7
4/20/2000,17.65
4/19/2000,17.95
4/18/2000,19.25
4/17/2000,18.55
4/14/2000,18.85
4/13/2000,18.65
4/12/2000,19
4/11/2000,19.7
4/10/2000,18.65
4/7/2000,18.83
4/6/2000,19.2
4/5/2000,19.95
4/4/2000,20.65
4/3/2000,19.25
3/31/2000,19.5
3/30/2000,19.45
3/29/2000,17.95
3/28/2000,18.45
3/27/2000,19.75
3/24/2000,20.75
3/23/2000,20.8
3/22/2000,20.25
3/21/2000,21.75
3/20/2000,22.35
3/17/2000,23.4
3/16/2000,23.15
3/15/2000,19.9
3/14/2000,19.75
3/13/2000,20.25
3/10/2000,19.9
3/9/2000,20.05
3/8/2000,20.25
3/7/2000,20.45
3/6/2000,21.25
3/3/2000,20.6
3/2/2000,20.55
3/1/2000,20.43
2/29/2000,20.25
2/28/2000,20.85
2/25/2000,20.4
2/24/2000,19.7
2/23/2000,19.05
2/22/2000,20.75
2/21/2000,19.5
2/18/2000,19.1
2/17/2000,19.8
2/16/2000,19.75
2/15/2000,21.25
2/14/2000,19.95
2/11/2000,20.05
2/10/2000,20.05
2/9/2000,21.05
2/8/2000,21.45
2/7/2000,19.88
2/4/2000,20.03
2/3/2000,20.25
2/2/2000,20.25
2/1/2000,21.33
1/31/2000,20.43
1/28/2000,20.45
1/27/2000,20.35
1/26/2000,21.25
1/25/2000,24.5
1/24/2000,24.6
1/21/2000,23.3
1/20/2000,23.35
1/19/2000,22.95
1/18/2000,24.25
1/17/2000,24.75
1/14/2000,23.35
1/13/2000,23.38
1/12/2000,23.35
1/11/2000,23.33
1/10/2000,24.13
1/7/2000,23.38
1/6/2000,23.73
1/5/2000,24
1/4/2000,23.15
1/3/2000,23.85
12/31/1999,23
12/30/1999,23
12/29/1999,22.5
12/28/1999,24.7
12/27/1999,28.63
12/24/1999,27.25
12/23/1999,27.25
12/22/1999,27.2
12/21/1999,27.2
12/20/1999,26.55
12/17/1999,26
12/16/1999,26.2
12/15/1999,25.23
12/14/1999,25.9
12/13/1999,26.8
12/10/1999,25.7
12/9/1999,25.75
12/8/1999,26.35
12/7/1999,25.9
12/6/1999,26.45
12/3/1999,25
12/2/1999,25.35
12/1/1999,26.5
11/30/1999,26.9
11/29/1999,26.5
11/26/1999,22
11/25/1999,21.73
11/24/1999,21.45
11/23/1999,22.3
11/22/1999,21.7
11/19/1999,21.7
11/18/1999,21.75
11/17/1999,21.95
11/16/1999,22.6
11/15/1999,22.8
11/12/1999,21.38
11/11/1999,21.5
11/10/1999,21.65
11/9/1999,21.75
11/8/1999,20.63
11/5/1999,20.35
11/4/1999,20.45
11/3/1999,21.25
11/2/1999,21.75
11/1/1999,21.25
10/29/1999,22.08
10/28/1999,22.15
10/27/1999,22.15
10/26/1999,24.03
10/25/1999,23.7
10/22/1999,24.23
10/21/1999,24.45
10/20/1999,23.95
10/19/1999,23.98
10/18/1999,26.3
10/15/1999,25
10/14/1999,24.2
10/13/1999,24.58
10/12/1999,24.5
10/11/1999,25.83
10/8/1999,25.5
10/7/1999,25.55
10/6/1999,23.75
10/5/1999,23.68
10/4/1999,25.55
10/1/1999,24.5
9/30/1999,25.6
9/29/1999,25.7
9/28/1999,25.45
9/27/1999,23.4
9/24/1999,24.35
9/23/1999,24.35
9/22/1999,24.55
9/21/1999,25.25
9/20/1999,24.68
9/17/1999,24.5
9/16/1999,24.4
9/15/1999,25.1
9/14/1999,25.15
9/13/1999,24.25
9/10/1999,24.13
9/9/1999,24.65
9/8/1999,24.55
9/7/1999,26.25
9/6/1999,25.2
9/3/1999,24.48
9/2/1999,24.75
9/1/1999,25.9
8/31/1999,25.2
8/30/1999,24.15
8/27/1999,24
8/26/1999,24.4
8/25/1999,24.85
8/24/1999,24.95
8/23/1999,26.48
8/20/1999,25
8/19/1999,25.1
8/18/1999,25
8/17/1999,25.15
8/16/1999,25.83
8/13/1999,25
8/12/1999,24.53
8/11/1999,24.5
8/10/1999,25.38
8/9/1999,25.15
8/6/1999,23.85
8/5/1999,24
8/4/1999,24.7
8/3/1999,24.43
8/2/1999,25.85
7/30/1999,23.4
7/29/1999,24.15
7/28/1999,24.1
7/27/1999,24.28
7/26/1999,24.85
7/23/1999,23
7/22/1999,23.05
7/21/1999,22.7
7/20/1999,22.3
7/19/1999,23.25
7/16/1999,21.8
7/15/1999,22.08
7/14/1999,22.33
7/13/1999,23.13
7/12/1999,23.8
7/9/1999,22.4
7/8/1999,22.25
7/7/1999,22.63
7/6/1999,22.5
7/5/1999,23.98
7/2/1999,22.35
7/1/1999,22.3
6/30/1999,22.75
6/29/1999,24.13
6/28/1999,22.68
6/25/1999,22.48
6/24/1999,22
6/23/1999,22.38
6/22/1999,22.5
6/21/1999,22.45
6/18/1999,20.75
6/17/1999,20.65
6/16/1999,21.4
6/15/1999,22.35
6/14/1999,21
6/11/1999,21.05
6/10/1999,20.85
6/9/1999,20.75
6/8/1999,21.65
6/7/1999,21.75
6/4/1999,20.3
6/3/1999,20.45
6/2/1999,20.25
6/1/1999,21.85
5/31/1999,21
5/28/1999,20.55
5/27/1999,20.4
5/26/1999,20.25
5/25/1999,22.25
5/24/1999,21.65
5/21/1999,20.8
5/20/1999,21.15
5/19/1999,20.95
5/18/1999,21.5
5/17/1999,22.25
5/14/1999,21.5
5/13/1999,21.33
5/12/1999,21.25
5/11/1999,21.45
5/10/1999,22.95
5/7/1999,21
5/6/1999,21.4
5/5/1999,21.05
5/4/1999,21
5/3/1999,22
4/30/1999,21.05
4/29/1999,21
4/28/1999,19
4/27/1999,20
4/26/1999,19.5
4/23/1999,20
4/22/1999,20.1
4/21/1999,20.3
4/20/1999,20.95
4/19/1999,20.15
4/16/1999,20
4/15/1999,20.4
4/14/1999,21.5
4/13/1999,20.85
4/12/1999,20
4/9/1999,19.9
4/8/1999,20
4/7/1999,18.15
4/6/1999,18.5
4/5/1999,19
4/2/1999,17.95
4/1/1999,18.05
3/31/1999,18.5
3/30/1999,18.5
3/29/1999,18.5
3/26/1999,17.65
3/25/1999,17.65
3/24/1999,18
3/23/1999,17.65
3/22/1999,18.25
3/19/1999,17.6
3/18/1999,17.25
3/17/1999,17.4
3/16/1999,17.5
3/15/1999,18.25
3/12/1999,18.1
3/11/1999,17.45
3/10/1999,16.95
3/9/1999,16.75
3/8/1999,17.25
3/5/1999,16.5
3/4/1999,16.75
3/3/1999,16.75
3/2/1999,17.25
3/1/1999,17.35
2/26/1999,17
2/25/1999,17
2/24/1999,16.5
2/23/1999,17.5
2/22/1999,15.25
2/19/1999,15.5
2/18/1999,15.75
2/17/1999,15.75
2/16/1999,15.7
2/15/1999,15.6
2/12/1999,15.45
2/11/1999,15.33
2/10/1999,15.25
2/9/1999,15.23
2/8/1999,15.25
2/5/1999,15.05
2/4/1999,15.2
2/3/1999,15.25
2/2/1999,15.15
2/1/1999,15.35
1/29/1999,15.7
1/28/1999,15.75
1/27/1999,16
1/26/1999,16.5
1/25/1999,17.25
1/22/1999,17.7
1/21/1999,18.65
1/20/1999,19
1/19/1999,18.55
1/18/1999,18.85
1/15/1999,18.1
1/14/1999,17.45
1/13/1999,18
1/12/1999,18.65
1/11/1999,18.55
1/8/1999,17.07
1/7/1999,17.65
1/6/1999,17.05
1/5/1999,18.35
1/4/1999,19.35
1/1/1999,18.3
12/31/1998,18.3
12/30/1998,21
12/29/1998,21
12/28/1998,21
12/25/1998,21
12/24/1998,21
12/23/1998,21
12/22/1998,21
12/21/1998,21
12/18/1998,22.38
12/14/1998,21.5
